oxJbolqLPcRvxz@gmail.com,UPDATE,2024-09-10 23:44:24
GUbFx@mail.ru,UPDATE,2024-09-10 18:37:44
wKnGXEVUR@gmail.com,UPDATE,2024-09-10 09:33:33
PKlsECpRWo@ya.ru,UPDATE,2024-09-10 06:49:03
IJGvZwXbJM@gmail.com,DELETE,2024-09-10 00:37:23
kumBbQtLjxfRdK@ya.ru,READ,2024-09-10 06:30:03
ZiUXAoQnUjKC@gmail.com,DELETE,2024-09-10 03:56:40
KsJfDxBk@ya.ru,UPDATE,2024-09-10 07:02:52
ZiUXAoQnUjKC@gmail.com,UPDATE,2024-09-10 10:01:41
wKnGXEVUR@gmail.com,READ,2024-09-10 14:09:08
ZiUXAoQnUjKC@gmail.com,READ,2024-09-10 23:06:41
PKlsECpRWo@ya.ru,READ,2024-09-10 23:43:28
oxJbolqLPcRvxz@gmail.com,READ,2024-09-10 00:18:05
wKnGXEVUR@gmail.com,DELETE,2024-09-10 01:22:28
wKnGXEVUR@gmail.com,UPDATE,2024-09-10 07:18:03
wKnGXEVUR@gmail.com,CREATE,2024-09-10 14:30:57
IJGvZwXbJM@gmail.com,DELETE,2024-09-10 15:43:13
PKlsECpRWo@ya.ru,CREATE,2024-09-10 13:52:34
PKlsECpRWo@ya.ru,DELETE,2024-09-10 02:03:57
SuLJCmZTqGFz@mail.ru,READ,2024-09-10 08:38:31
wKnGXEVUR@gmail.com,DELETE,2024-09-10 02:39:29
KsJfDxBk@ya.ru,DELETE,2024-09-10 04:58:09
SuLJCmZTqGFz@mail.ru,UPDATE,2024-09-10 20:42:20
KsJfDxBk@ya.ru,UPDATE,2024-09-10 04:18:03
oxJbolqLPcRvxz@gmail.com,CREATE,2024-09-10 19:27:15
GUbFx@mail.ru,DELETE,2024-09-10 05:46:10
GUbFx@mail.ru,UPDATE,2024-09-10 23:34:13
oxJbolqLPcRvxz@gmail.com,CREATE,2024-09-10 12:45:48
oxJbolqLPcRvxz@gmail.com,READ,2024-09-10 00:34:16
KsJfDxBk@ya.ru,UPDATE,2024-09-10 01:47:01
PKlsECpRWo@ya.ru,READ,2024-09-10 09:50:25
oxJbolqLPcRvxz@gmail.com,DELETE,2024-09-10 17:49:51
PKlsECpRWo@ya.ru,READ,2024-09-10 01:50:02
VjxlYjPUk@ya.ru,DELETE,2024-09-10 02:39:15
SuLJCmZTqGFz@mail.ru,DELETE,2024-09-10 13:36:09
oxJbolqLPcRvxz@gmail.com,CREATE,2024-09-10 23:31:53
SuLJCmZTqGFz@mail.ru,DELETE,2024-09-10 12:57:49
kumBbQtLjxfRdK@ya.ru,UPDATE,2024-09-10 13:22:07
ZiUXAoQnUjKC@gmail.com,UPDATE,2024-09-10 10:21:41
kumBbQtLjxfRdK@ya.ru,DELETE,2024-09-10 04:46:48
oxJbolqLPcRvxz@gmail.com,READ,2024-09-10 16:06:33
wKnGXEVUR@gmail.com,DELETE,2024-09-10 18:07:31
kumBbQtLjxfRdK@ya.ru,UPDATE,2024-09-10 04:37:52
ZiUXAoQnUjKC@gmail.com,DELETE,2024-09-10 20:02:43
VjxlYjPUk@ya.ru,DELETE,2024-09-10 02:38:27
kumBbQtLjxfRdK@ya.ru,DELETE,2024-09-10 15:04:20
GUbFx@mail.ru,UPDATE,2024-09-10 07:38:15
wKnGXEVUR@gmail.com,UPDATE,2024-09-10 12:10:39
wKnGXEVUR@gmail.com,READ,2024-09-10 20:29:25
wKnGXEVUR@gmail.com,READ,2024-09-10 10:42:03
oxJbolqLPcRvxz@gmail.com,CREATE,2024-09-10 00:24:33
KsJfDxBk@ya.ru,UPDATE,2024-09-10 05:14:00
wKnGXEVUR@gmail.com,UPDATE,2024-09-10 00:54:54
oxJbolqLPcRvxz@gmail.com,CREATE,2024-09-10 02:54:24
oxJbolqLPcRvxz@gmail.com,DELETE,2024-09-10 17:29:37
ZiUXAoQnUjKC@gmail.com,UPDATE,2024-09-10 18:31:25
SuLJCmZTqGFz@mail.ru,UPDATE,2024-09-10 01:17:34
ZiUXAoQnUjKC@gmail.com,CREATE,2024-09-10 08:39:01
oxJbolqLPcRvxz@gmail.com,DELETE,2024-09-10 10:12:09
GUbFx@mail.ru,DELETE,2024-09-10 18:21:16
SuLJCmZTqGFz@mail.ru,UPDATE,2024-09-10 13:14:07
wKnGXEVUR@gmail.com,UPDATE,2024-09-10 04:37:16
wKnGXEVUR@gmail.com,DELETE,2024-09-10 19:07:55
wKnGXEVUR@gmail.com,UPDATE,2024-09-10 19:48:56
IJGvZwXbJM@gmail.com,CREATE,2024-09-10 18:50:39
wKnGXEVUR@gmail.com,DELETE,2024-09-10 10:13:37
SuLJCmZTqGFz@mail.ru,CREATE,2024-09-10 12:29:50
PKlsECpRWo@ya.ru,DELETE,2024-09-10 22:07:04
wKnGXEVUR@gmail.com,UPDATE,2024-09-10 00:48:20
KsJfDxBk@ya.ru,READ,2024-09-10 21:39:47
ZiUXAoQnUjKC@gmail.com,CREATE,2024-09-10 15:34:17
ZiUXAoQnUjKC@gmail.com,UPDATE,2024-09-10 20:07:01
wKnGXEVUR@gmail.com,READ,2024-09-10 02:34:49
PKlsECpRWo@ya.ru,UPDATE,2024-09-10 21:07:17
wKnGXEVUR@gmail.com,DELETE,2024-09-10 11:40:59
wKnGXEVUR@gmail.com,DELETE,2024-09-10 09:31:43
ZiUXAoQnUjKC@gmail.com,DELETE,2024-09-10 17:13:31
kumBbQtLjxfRdK@ya.ru,DELETE,2024-09-10 12:58:34
PKlsECpRWo@ya.ru,READ,2024-09-10 03:54:49
IJGvZwXbJM@gmail.com,READ,2024-09-10 14:36:15
PKlsECpRWo@ya.ru,DELETE,2024-09-10 21:23:14
oxJbolqLPcRvxz@gmail.com,READ,2024-09-10 06:43:00
oxJbolqLPcRvxz@gmail.com,READ,2024-09-10 13:25:57
GUbFx@mail.ru,READ,2024-09-10 13:52:35
GUbFx@mail.ru,CREATE,2024-09-10 22:36:29
GUbFx@mail.ru,CREATE,2024-09-10 15:14:08
oxJbolqLPcRvxz@gmail.com,READ,2024-09-10 08:12:22
GUbFx@mail.ru,READ,2024-09-10 16:45:04
ZiUXAoQnUjKC@gmail.com,DELETE,2024-09-10 14:25:25
SuLJCmZTqGFz@mail.ru,DELETE,2024-09-10 10:30:58
wKnGXEVUR@gmail.com,UPDATE,2024-09-10 13:52:49
KsJfDxBk@ya.ru,UPDATE,2024-09-10 00:33:29
PKlsECpRWo@ya.ru,DELETE,2024-09-10 18:00:51
ZiUXAoQnUjKC@gmail.com,UPDATE,2024-09-10 20:30:56
kumBbQtLjxfRdK@ya.ru,DELETE,2024-09-10 14:01:06
VjxlYjPUk@ya.ru,DELETE,2024-09-10 22:28:14
PKlsECpRWo@ya.ru,UPDATE,2024-09-10 08:28:26
SuLJCmZTqGFz@mail.ru,READ,2024-09-10 00:14:44
GUbFx@mail.ru,CREATE,2024-09-10 15:04:36
KsJfDxBk@ya.ru,DELETE,2024-09-10 15:13:59
wKnGXEVUR@gmail.com,UPDATE,2024-09-10 03:45:29
ZiUXAoQnUjKC@gmail.com,CREATE,2024-09-10 10:53:00
wKnGXEVUR@gmail.com,READ,2024-09-10 23:07:48
PKlsECpRWo@ya.ru,DELETE,2024-09-10 02:13:44
oxJbolqLPcRvxz@gmail.com,UPDATE,2024-09-10 18:57:54
wKnGXEVUR@gmail.com,UPDATE,2024-09-10 08:40:06
oxJbolqLPcRvxz@gmail.com,DELETE,2024-09-10 07:49:20
oxJbolqLPcRvxz@gmail.com,CREATE,2024-09-10 21:46:36
ZiUXAoQnUjKC@gmail.com,DELETE,2024-09-10 13:27:32
wKnGXEVUR@gmail.com,DELETE,2024-09-10 18:05:30
IJGvZwXbJM@gmail.com,UPDATE,2024-09-10 11:22:09
SuLJCmZTqGFz@mail.ru,READ,2024-09-10 18:14:48
IJGvZwXbJM@gmail.com,UPDATE,2024-09-10 12:34:05
IJGvZwXbJM@gmail.com,READ,2024-09-10 08:37:56
ZiUXAoQnUjKC@gmail.com,CREATE,2024-09-10 23:23:26
SuLJCmZTqGFz@mail.ru,UPDATE,2024-09-10 07:30:03
ZiUXAoQnUjKC@gmail.com,DELETE,2024-09-10 10:17:47
KsJfDxBk@ya.ru,UPDATE,2024-09-10 17:32:29
oxJbolqLPcRvxz@gmail.com,CREATE,2024-09-10 02:09:36
IJGvZwXbJM@gmail.com,READ,2024-09-10 02:18:56
SuLJCmZTqGFz@mail.ru,UPDATE,2024-09-10 12:22:20
KsJfDxBk@ya.ru,DELETE,2024-09-10 05:29:42
oxJbolqLPcRvxz@gmail.com,DELETE,2024-09-10 06:31:23
VjxlYjPUk@ya.ru,CREATE,2024-09-10 11:56:22
VjxlYjPUk@ya.ru,READ,2024-09-10 12:18:59
GUbFx@mail.ru,UPDATE,2024-09-10 10:47:21
oxJbolqLPcRvxz@gmail.com,DELETE,2024-09-10 16:03:05
oxJbolqLPcRvxz@gmail.com,READ,2024-09-10 00:02:21
VjxlYjPUk@ya.ru,DELETE,2024-09-10 10:12:55
wKnGXEVUR@gmail.com,UPDATE,2024-09-10 01:44:41
oxJbolqLPcRvxz@gmail.com,CREATE,2024-09-10 00:28:55
SuLJCmZTqGFz@mail.ru,CREATE,2024-09-10 19:59:43
IJGvZwXbJM@gmail.com,CREATE,2024-09-10 06:07:07
oxJbolqLPcRvxz@gmail.com,DELETE,2024-09-10 06:07:14
ZiUXAoQnUjKC@gmail.com,READ,2024-09-10 07:33:20
oxJbolqLPcRvxz@gmail.com,UPDATE,2024-09-10 04:19:26
oxJbolqLPcRvxz@gmail.com,UPDATE,2024-09-10 09:48:09
KsJfDxBk@ya.ru,UPDATE,2024-09-10 18:57:15
IJGvZwXbJM@gmail.com,DELETE,2024-09-10 00:01:14
PKlsECpRWo@ya.ru,DELETE,2024-09-10 22:20:03
kumBbQtLjxfRdK@ya.ru,DELETE,2024-09-10 12:29:58
ZiUXAoQnUjKC@gmail.com,CREATE,2024-09-10 03:27:28
ZiUXAoQnUjKC@gmail.com,CREATE,2024-09-10 03:21:27
ZiUXAoQnUjKC@gmail.com,UPDATE,2024-09-10 13:15:24
GUbFx@mail.ru,CREATE,2024-09-10 05:57:55
SuLJCmZTqGFz@mail.ru,UPDATE,2024-09-10 08:41:54
VjxlYjPUk@ya.ru,CREATE,2024-09-10 17:38:52
ZiUXAoQnUjKC@gmail.com,READ,2024-09-10 23:22:05
SuLJCmZTqGFz@mail.ru,UPDATE,2024-09-10 15:59:29
GUbFx@mail.ru,READ,2024-09-10 15:14:22
oxJbolqLPcRvxz@gmail.com,UPDATE,2024-09-10 12:53:21
ZiUXAoQnUjKC@gmail.com,UPDATE,2024-09-10 11:03:09
ZiUXAoQnUjKC@gmail.com,CREATE,2024-09-10 06:55:39
IJGvZwXbJM@gmail.com,UPDATE,2024-09-10 13:29:22
ZiUXAoQnUjKC@gmail.com,UPDATE,2024-09-10 23:43:05
IJGvZwXbJM@gmail.com,DELETE,2024-09-10 05:33:05
IJGvZwXbJM@gmail.com,UPDATE,2024-09-10 20:11:17
ZiUXAoQnUjKC@gmail.com,READ,2024-09-10 20:46:15
ZiUXAoQnUjKC@gmail.com,DELETE,2024-09-10 07:08:37
VjxlYjPUk@ya.ru,READ,2024-09-10 19:58:39
VjxlYjPUk@ya.ru,UPDATE,2024-09-10 04:57:41
ZiUXAoQnUjKC@gmail.com,UPDATE,2024-09-10 18:05:23
IJGvZwXbJM@gmail.com,CREATE,2024-09-10 05:15:00
wKnGXEVUR@gmail.com,CREATE,2024-09-10 20:02:16
SuLJCmZTqGFz@mail.ru,READ,2024-09-10 16:38:38
PKlsECpRWo@ya.ru,READ,2024-09-10 05:56:41
SuLJCmZTqGFz@mail.ru,READ,2024-09-10 15:08:59
wKnGXEVUR@gmail.com,DELETE,2024-09-10 05:50:24
GUbFx@mail.ru,DELETE,2024-09-10 05:16:15
SuLJCmZTqGFz@mail.ru,DELETE,2024-09-10 03:07:27
VjxlYjPUk@ya.ru,DELETE,2024-09-10 10:58:25
PKlsECpRWo@ya.ru,DELETE,2024-09-10 16:29:21
KsJfDxBk@ya.ru,CREATE,2024-09-10 06:43:46
GUbFx@mail.ru,READ,2024-09-10 01:29:50
KsJfDxBk@ya.ru,READ,2024-09-10 22:04:36
oxJbolqLPcRvxz@gmail.com,DELETE,2024-09-10 10:00:16
GUbFx@mail.ru,CREATE,2024-09-10 10:23:46
SuLJCmZTqGFz@mail.ru,READ,2024-09-10 08:25:31
ZiUXAoQnUjKC@gmail.com,READ,2024-09-10 08:02:14
ZiUXAoQnUjKC@gmail.com,UPDATE,2024-09-10 20:15:42
oxJbolqLPcRvxz@gmail.com,UPDATE,2024-09-10 11:42:43
ZiUXAoQnUjKC@gmail.com,UPDATE,2024-09-10 18:41:41
wKnGXEVUR@gmail.com,DELETE,2024-09-10 04:22:02
wKnGXEVUR@gmail.com,DELETE,2024-09-10 21:26:40
SuLJCmZTqGFz@mail.ru,CREATE,2024-09-10 22:21:36
IJGvZwXbJM@gmail.com,UPDATE,2024-09-10 09:25:51
KsJfDxBk@ya.ru,CREATE,2024-09-10 14:11:26
oxJbolqLPcRvxz@gmail.com,CREATE,2024-09-10 14:32:35
SuLJCmZTqGFz@mail.ru,READ,2024-09-10 21:16:08
kumBbQtLjxfRdK@ya.ru,READ,2024-09-10 18:35:54
VjxlYjPUk@ya.ru,READ,2024-09-10 05:38:11
wKnGXEVUR@gmail.com,UPDATE,2024-09-10 05:30:27
GUbFx@mail.ru,UPDATE,2024-09-10 01:27:34
PKlsECpRWo@ya.ru,DELETE,2024-09-10 15:38:07
VjxlYjPUk@ya.ru,CREATE,2024-09-10 13:24:22
PKlsECpRWo@ya.ru,READ,2024-09-10 07:33:32
KsJfDxBk@ya.ru,CREATE,2024-09-10 04:33:42
wKnGXEVUR@gmail.com,UPDATE,2024-09-10 08:41:21
GUbFx@mail.ru,READ,2024-09-10 14:54:36
kumBbQtLjxfRdK@ya.ru,UPDATE,2024-09-10 08:37:02
wKnGXEVUR@gmail.com,UPDATE,2024-09-10 12:57:59
oxJbolqLPcRvxz@gmail.com,DELETE,2024-09-10 08:53:43
SuLJCmZTqGFz@mail.ru,UPDATE,2024-09-10 01:39:15
SuLJCmZTqGFz@mail.ru,READ,2024-09-10 21:49:46
SuLJCmZTqGFz@mail.ru,READ,2024-09-10 09:24:07
wKnGXEVUR@gmail.com,READ,2024-09-10 17:51:57
oxJbolqLPcRvxz@gmail.com,DELETE,2024-09-10 21:43:47
SuLJCmZTqGFz@mail.ru,CREATE,2024-09-10 05:35:28
VjxlYjPUk@ya.ru,DELETE,2024-09-10 12:11:36
oxJbolqLPcRvxz@gmail.com,CREATE,2024-09-10 17:40:44
ZiUXAoQnUjKC@gmail.com,UPDATE,2024-09-10 04:41:30
GUbFx@mail.ru,DELETE,2024-09-10 11:50:37
wKnGXEVUR@gmail.com,CREATE,2024-09-10 09:32:01
VjxlYjPUk@ya.ru,CREATE,2024-09-10 16:06:39
PKlsECpRWo@ya.ru,READ,2024-09-10 06:22:20
wKnGXEVUR@gmail.com,DELETE,2024-09-10 10:32:23
SuLJCmZTqGFz@mail.ru,READ,2024-09-10 12:07:03
ZiUXAoQnUjKC@gmail.com,READ,2024-09-10 19:31:59
VjxlYjPUk@ya.ru,READ,2024-09-10 12:25:22
oxJbolqLPcRvxz@gmail.com,DELETE,2024-09-10 23:24:37
VjxlYjPUk@ya.ru,CREATE,2024-09-10 21:11:26
oxJbolqLPcRvxz@gmail.com,DELETE,2024-09-10 17:39:41
PKlsECpRWo@ya.ru,DELETE,2024-09-10 14:35:54
GUbFx@mail.ru,UPDATE,2024-09-10 15:37:46
ZiUXAoQnUjKC@gmail.com,CREATE,2024-09-10 19:09:58
VjxlYjPUk@ya.ru,CREATE,2024-09-10 15:01:54
SuLJCmZTqGFz@mail.ru,DELETE,2024-09-10 10:18:51
oxJbolqLPcRvxz@gmail.com,DELETE,2024-09-10 00:53:19
SuLJCmZTqGFz@mail.ru,UPDATE,2024-09-10 22:33:41
KsJfDxBk@ya.ru,CREATE,2024-09-10 08:02:32
wKnGXEVUR@gmail.com,DELETE,2024-09-10 09:12:30
oxJbolqLPcRvxz@gmail.com,CREATE,2024-09-10 16:27:40
GUbFx@mail.ru,READ,2024-09-10 05:42:29
GUbFx@mail.ru,READ,2024-09-10 19:15:02
KsJfDxBk@ya.ru,DELETE,2024-09-10 18:24:35
SuLJCmZTqGFz@mail.ru,READ,2024-09-10 19:05:34
KsJfDxBk@ya.ru,DELETE,2024-09-10 11:32:51
VjxlYjPUk@ya.ru,DELETE,2024-09-10 13:24:28
KsJfDxBk@ya.ru,UPDATE,2024-09-10 02:18:07
wKnGXEVUR@gmail.com,READ,2024-09-10 22:33:47
wKnGXEVUR@gmail.com,DELETE,2024-09-10 14:02:36
PKlsECpRWo@ya.ru,DELETE,2024-09-10 02:14:23
KsJfDxBk@ya.ru,DELETE,2024-09-10 01:56:55
KsJfDxBk@ya.ru,DELETE,2024-09-10 03:31:44
oxJbolqLPcRvxz@gmail.com,CREATE,2024-09-10 21:27:52
VjxlYjPUk@ya.ru,CREATE,2024-09-10 05:52:58
wKnGXEVUR@gmail.com,UPDATE,2024-09-10 11:08:06
PKlsECpRWo@ya.ru,CREATE,2024-09-10 11:18:07
GUbFx@mail.ru,CREATE,2024-09-10 05:02:20
ZiUXAoQnUjKC@gmail.com,UPDATE,2024-09-10 19:51:01
ZiUXAoQnUjKC@gmail.com,READ,2024-09-10 01:27:17
VjxlYjPUk@ya.ru,CREATE,2024-09-10 10:59:34
PKlsECpRWo@ya.ru,UPDATE,2024-09-10 01:32:55
oxJbolqLPcRvxz@gmail.com,DELETE,2024-09-10 00:43:59
IJGvZwXbJM@gmail.com,READ,2024-09-10 00:22:25
SuLJCmZTqGFz@mail.ru,CREATE,2024-09-10 13:05:33
oxJbolqLPcRvxz@gmail.com,READ,2024-09-10 17:00:30
IJGvZwXbJM@gmail.com,DELETE,2024-09-10 00:02:17
IJGvZwXbJM@gmail.com,DELETE,2024-09-10 05:39:23
wKnGXEVUR@gmail.com,DELETE,2024-09-10 06:21:05
IJGvZwXbJM@gmail.com,DELETE,2024-09-10 13:07:02
KsJfDxBk@ya.ru,READ,2024-09-10 12:51:08
ZiUXAoQnUjKC@gmail.com,CREATE,2024-09-10 18:50:15
KsJfDxBk@ya.ru,UPDATE,2024-09-10 17:17:15
kumBbQtLjxfRdK@ya.ru,UPDATE,2024-09-10 09:36:02
SuLJCmZTqGFz@mail.ru,READ,2024-09-10 22:32:27
GUbFx@mail.ru,DELETE,2024-09-10 01:35:02
IJGvZwXbJM@gmail.com,READ,2024-09-10 01:12:52
SuLJCmZTqGFz@mail.ru,UPDATE,2024-09-10 16:01:45
KsJfDxBk@ya.ru,CREATE,2024-09-10 01:32:19
oxJbolqLPcRvxz@gmail.com,DELETE,2024-09-10 15:15:04
KsJfDxBk@ya.ru,DELETE,2024-09-10 11:49:02
GUbFx@mail.ru,READ,2024-09-10 21:46:51
PKlsECpRWo@ya.ru,UPDATE,2024-09-10 19:51:52
IJGvZwXbJM@gmail.com,READ,2024-09-10 02:06:16
ZiUXAoQnUjKC@gmail.com,DELETE,2024-09-10 13:07:04
kumBbQtLjxfRdK@ya.ru,READ,2024-09-10 08:08:41
kumBbQtLjxfRdK@ya.ru,READ,2024-09-10 09:54:16
GUbFx@mail.ru,UPDATE,2024-09-10 09:56:57
KsJfDxBk@ya.ru,DELETE,2024-09-10 20:13:34
kumBbQtLjxfRdK@ya.ru,CREATE,2024-09-10 10:45:49
wKnGXEVUR@gmail.com,DELETE,2024-09-10 13:27:29
VjxlYjPUk@ya.ru,READ,2024-09-10 11:35:24
VjxlYjPUk@ya.ru,CREATE,2024-09-10 13:25:49
KsJfDxBk@ya.ru,CREATE,2024-09-10 17:23:28
GUbFx@mail.ru,DELETE,2024-09-10 12:56:31
KsJfDxBk@ya.ru,DELETE,2024-09-10 13:42:51
PKlsECpRWo@ya.ru,CREATE,2024-09-10 01:58:43
SuLJCmZTqGFz@mail.ru,READ,2024-09-10 00:40:26
oxJbolqLPcRvxz@gmail.com,READ,2024-09-10 09:39:54
IJGvZwXbJM@gmail.com,CREATE,2024-09-10 08:19:21
PKlsECpRWo@ya.ru,CREATE,2024-09-10 10:41:30
SuLJCmZTqGFz@mail.ru,CREATE,2024-09-10 15:53:40
PKlsECpRWo@ya.ru,READ,2024-09-10 03:24:48
ZiUXAoQnUjKC@gmail.com,DELETE,2024-09-10 19:34:52
IJGvZwXbJM@gmail.com,UPDATE,2024-09-10 07:29:53
VjxlYjPUk@ya.ru,DELETE,2024-09-10 12:33:40
KsJfDxBk@ya.ru,DELETE,2024-09-10 22:08:50
GUbFx@mail.ru,UPDATE,2024-09-10 07:53:18
oxJbolqLPcRvxz@gmail.com,UPDATE,2024-09-10 16:10:12
PKlsECpRWo@ya.ru,UPDATE,2024-09-10 09:04:03
ZiUXAoQnUjKC@gmail.com,DELETE,2024-09-10 23:45:14
SuLJCmZTqGFz@mail.ru,DELETE,2024-09-10 03:53:19
SuLJCmZTqGFz@mail.ru,UPDATE,2024-09-10 10:09:37
ZiUXAoQnUjKC@gmail.com,UPDATE,2024-09-10 11:10:20
KsJfDxBk@ya.ru,CREATE,2024-09-10 22:02:37
GUbFx@mail.ru,READ,2024-09-10 19:23:29
kumBbQtLjxfRdK@ya.ru,CREATE,2024-09-10 15:53:42
VjxlYjPUk@ya.ru,CREATE,2024-09-10 01:14:11
KsJfDxBk@ya.ru,READ,2024-09-10 01:09:44
KsJfDxBk@ya.ru,UPDATE,2024-09-10 00:26:07
IJGvZwXbJM@gmail.com,UPDATE,2024-09-10 21:29:42
KsJfDxBk@ya.ru,DELETE,2024-09-10 14:28:06
kumBbQtLjxfRdK@ya.ru,CREATE,2024-09-10 03:04:47
wKnGXEVUR@gmail.com,READ,2024-09-10 20:32:10
GUbFx@mail.ru,READ,2024-09-10 16:14:21
VjxlYjPUk@ya.ru,READ,2024-09-10 14:42:38
wKnGXEVUR@gmail.com,DELETE,2024-09-10 04:21:31
wKnGXEVUR@gmail.com,READ,2024-09-10 16:07:38
IJGvZwXbJM@gmail.com,CREATE,2024-09-10 21:26:54
SuLJCmZTqGFz@mail.ru,CREATE,2024-09-10 19:30:58
wKnGXEVUR@gmail.com,UPDATE,2024-09-10 22:18:42
kumBbQtLjxfRdK@ya.ru,CREATE,2024-09-10 01:54:07
wKnGXEVUR@gmail.com,READ,2024-09-10 13:34:16
wKnGXEVUR@gmail.com,READ,2024-09-10 07:06:43
VjxlYjPUk@ya.ru,CREATE,2024-09-10 05:23:52
kumBbQtLjxfRdK@ya.ru,READ,2024-09-10 07:12:37
kumBbQtLjxfRdK@ya.ru,UPDATE,2024-09-10 15:16:40
wKnGXEVUR@gmail.com,READ,2024-09-10 00:30:22
oxJbolqLPcRvxz@gmail.com,CREATE,2024-09-10 17:19:01
kumBbQtLjxfRdK@ya.ru,UPDATE,2024-09-10 16:16:39
oxJbolqLPcRvxz@gmail.com,DELETE,2024-09-10 18:02:51
kumBbQtLjxfRdK@ya.ru,DELETE,2024-09-10 16:59:08
GUbFx@mail.ru,UPDATE,2024-09-10 06:57:54
PKlsECpRWo@ya.ru,DELETE,2024-09-10 10:53:44
IJGvZwXbJM@gmail.com,DELETE,2024-09-10 03:20:08
KsJfDxBk@ya.ru,READ,2024-09-10 16:30:41
IJGvZwXbJM@gmail.com,UPDATE,2024-09-10 14:27:37
IJGvZwXbJM@gmail.com,DELETE,2024-09-10 18:30:02
VjxlYjPUk@ya.ru,UPDATE,2024-09-10 15:50:11
ZiUXAoQnUjKC@gmail.com,UPDATE,2024-09-10 06:33:58
ZiUXAoQnUjKC@gmail.com,READ,2024-09-10 09:33:05
GUbFx@mail.ru,DELETE,2024-09-10 01:44:53
oxJbolqLPcRvxz@gmail.com,DELETE,2024-09-10 12:42:04
ZiUXAoQnUjKC@gmail.com,DELETE,2024-09-10 02:15:32
SuLJCmZTqGFz@mail.ru,READ,2024-09-10 12:50:20
oxJbolqLPcRvxz@gmail.com,UPDATE,2024-09-10 14:15:05
KsJfDxBk@ya.ru,UPDATE,2024-09-10 07:54:58
kumBbQtLjxfRdK@ya.ru,UPDATE,2024-09-10 04:48:41
wKnGXEVUR@gmail.com,CREATE,2024-09-10 04:36:24
SuLJCmZTqGFz@mail.ru,CREATE,2024-09-10 11:08:13
oxJbolqLPcRvxz@gmail.com,DELETE,2024-09-10 01:45:12
ZiUXAoQnUjKC@gmail.com,READ,2024-09-10 13:06:14
PKlsECpRWo@ya.ru,CREATE,2024-09-10 05:15:33
IJGvZwXbJM@gmail.com,CREATE,2024-09-10 14:36:03
VjxlYjPUk@ya.ru,READ,2024-09-10 08:44:19
oxJbolqLPcRvxz@gmail.com,CREATE,2024-09-10 23:44:58
PKlsECpRWo@ya.ru,READ,2024-09-10 10:30:37
VjxlYjPUk@ya.ru,READ,2024-09-10 08:56:48
KsJfDxBk@ya.ru,CREATE,2024-09-10 11:00:39
GUbFx@mail.ru,READ,2024-09-10 16:58:19
kumBbQtLjxfRdK@ya.ru,DELETE,2024-09-10 04:59:00
oxJbolqLPcRvxz@gmail.com,CREATE,2024-09-10 23:37:20
oxJbolqLPcRvxz@gmail.com,UPDATE,2024-09-10 04:35:34
wKnGXEVUR@gmail.com,UPDATE,2024-09-10 23:54:41
ZiUXAoQnUjKC@gmail.com,CREATE,2024-09-10 23:05:24
wKnGXEVUR@gmail.com,UPDATE,2024-09-10 15:22:35
IJGvZwXbJM@gmail.com,DELETE,2024-09-10 04:52:10
GUbFx@mail.ru,CREATE,2024-09-10 09:21:31
IJGvZwXbJM@gmail.com,UPDATE,2024-09-10 04:46:28
VjxlYjPUk@ya.ru,UPDATE,2024-09-10 23:46:31
oxJbolqLPcRvxz@gmail.com,CREATE,2024-09-10 09:54:13
GUbFx@mail.ru,DELETE,2024-09-10 04:35:29
ZiUXAoQnUjKC@gmail.com,CREATE,2024-09-10 17:18:11
kumBbQtLjxfRdK@ya.ru,UPDATE,2024-09-10 20:15:51
kumBbQtLjxfRdK@ya.ru,UPDATE,2024-09-10 09:28:51
wKnGXEVUR@gmail.com,CREATE,2024-09-10 07:23:30
KsJfDxBk@ya.ru,READ,2024-09-10 13:39:25
ZiUXAoQnUjKC@gmail.com,CREATE,2024-09-10 21:14:00
PKlsECpRWo@ya.ru,READ,2024-09-10 18:28:59
KsJfDxBk@ya.ru,DELETE,2024-09-10 12:17:30
oxJbolqLPcRvxz@gmail.com,CREATE,2024-09-10 07:05:20
KsJfDxBk@ya.ru,CREATE,2024-09-10 23:05:02
wKnGXEVUR@gmail.com,READ,2024-09-10 21:26:46
ZiUXAoQnUjKC@gmail.com,READ,2024-09-10 15:54:48
VjxlYjPUk@ya.ru,CREATE,2024-09-10 04:44:28
VjxlYjPUk@ya.ru,READ,2024-09-10 02:29:14
wKnGXEVUR@gmail.com,CREATE,2024-09-10 16:37:16
wKnGXEVUR@gmail.com,READ,2024-09-10 16:46:14
VjxlYjPUk@ya.ru,DELETE,2024-09-10 23:37:53
wKnGXEVUR@gmail.com,READ,2024-09-10 15:41:31
GUbFx@mail.ru,UPDATE,2024-09-10 19:24:24
IJGvZwXbJM@gmail.com,READ,2024-09-10 13:06:35
PKlsECpRWo@ya.ru,CREATE,2024-09-10 06:05:02
IJGvZwXbJM@gmail.com,CREATE,2024-09-10 19:18:11
VjxlYjPUk@ya.ru,READ,2024-09-10 05:08:10
PKlsECpRWo@ya.ru,UPDATE,2024-09-10 15:51:45
VjxlYjPUk@ya.ru,CREATE,2024-09-10 21:44:31
kumBbQtLjxfRdK@ya.ru,READ,2024-09-10 23:17:50
kumBbQtLjxfRdK@ya.ru,READ,2024-09-10 23:15:47
wKnGXEVUR@gmail.com,DELETE,2024-09-10 10:51:07
GUbFx@mail.ru,DELETE,2024-09-10 03:10:56
GUbFx@mail.ru,UPDATE,2024-09-10 03:20:40
kumBbQtLjxfRdK@ya.ru,CREATE,2024-09-10 11:51:11
ZiUXAoQnUjKC@gmail.com,CREATE,2024-09-10 03:45:57
ZiUXAoQnUjKC@gmail.com,UPDATE,2024-09-10 01:05:50
kumBbQtLjxfRdK@ya.ru,UPDATE,2024-09-10 10:13:13
VjxlYjPUk@ya.ru,CREATE,2024-09-10 20:39:05
wKnGXEVUR@gmail.com,READ,2024-09-10 02:21:58
oxJbolqLPcRvxz@gmail.com,CREATE,2024-09-10 07:22:34
wKnGXEVUR@gmail.com,UPDATE,2024-09-10 09:23:02
PKlsECpRWo@ya.ru,READ,2024-09-10 06:32:41
kumBbQtLjxfRdK@ya.ru,READ,2024-09-10 22:32:42
ZiUXAoQnUjKC@gmail.com,DELETE,2024-09-10 02:59:42
IJGvZwXbJM@gmail.com,CREATE,2024-09-10 17:46:33
GUbFx@mail.ru,UPDATE,2024-09-10 15:32:22
ZiUXAoQnUjKC@gmail.com,UPDATE,2024-09-10 23:42:56
VjxlYjPUk@ya.ru,DELETE,2024-09-10 22:17:20
wKnGXEVUR@gmail.com,DELETE,2024-09-10 11:53:17
ZiUXAoQnUjKC@gmail.com,READ,2024-09-10 09:02:26
VjxlYjPUk@ya.ru,DELETE,2024-09-10 01:09:04
oxJbolqLPcRvxz@gmail.com,CREATE,2024-09-10 04:19:08
GUbFx@mail.ru,READ,2024-09-10 00:22:31
KsJfDxBk@ya.ru,READ,2024-09-10 09:30:36
SuLJCmZTqGFz@mail.ru,DELETE,2024-09-10 13:08:25
wKnGXEVUR@gmail.com,UPDATE,2024-09-10 07:08:02
IJGvZwXbJM@gmail.com,DELETE,2024-09-10 16:34:26
KsJfDxBk@ya.ru,DELETE,2024-09-10 16:05:05
IJGvZwXbJM@gmail.com,CREATE,2024-09-10 00:41:29
oxJbolqLPcRvxz@gmail.com,CREATE,2024-09-10 19:25:18
ZiUXAoQnUjKC@gmail.com,CREATE,2024-09-10 03:20:15
VjxlYjPUk@ya.ru,UPDATE,2024-09-10 11:21:32
kumBbQtLjxfRdK@ya.ru,UPDATE,2024-09-10 04:38:18
kumBbQtLjxfRdK@ya.ru,CREATE,2024-09-10 11:35:32
GUbFx@mail.ru,CREATE,2024-09-10 05:38:38
SuLJCmZTqGFz@mail.ru,READ,2024-09-10 20:24:48
ZiUXAoQnUjKC@gmail.com,READ,2024-09-10 18:48:28
IJGvZwXbJM@gmail.com,DELETE,2024-09-10 14:07:50
ZiUXAoQnUjKC@gmail.com,DELETE,2024-09-10 21:03:32
VjxlYjPUk@ya.ru,READ,2024-09-10 13:44:00
PKlsECpRWo@ya.ru,READ,2024-09-10 10:49:33
IJGvZwXbJM@gmail.com,CREATE,2024-09-10 02:05:50
IJGvZwXbJM@gmail.com,CREATE,2024-09-10 02:25:33
GUbFx@mail.ru,UPDATE,2024-09-10 10:51:09
ZiUXAoQnUjKC@gmail.com,CREATE,2024-09-10 07:18:01
KsJfDxBk@ya.ru,CREATE,2024-09-10 09:35:06
SuLJCmZTqGFz@mail.ru,READ,2024-09-10 15:06:56
PKlsECpRWo@ya.ru,READ,2024-09-10 20:40:07
PKlsECpRWo@ya.ru,CREATE,2024-09-10 07:52:55
SuLJCmZTqGFz@mail.ru,READ,2024-09-10 21:13:38
VjxlYjPUk@ya.ru,READ,2024-09-10 03:48:47
PKlsECpRWo@ya.ru,UPDATE,2024-09-10 07:08:19
kumBbQtLjxfRdK@ya.ru,DELETE,2024-09-10 23:38:01
SuLJCmZTqGFz@mail.ru,UPDATE,2024-09-10 15:24:31
KsJfDxBk@ya.ru,CREATE,2024-09-10 01:17:07
ZiUXAoQnUjKC@gmail.com,READ,2024-09-10 09:32:12
oxJbolqLPcRvxz@gmail.com,CREATE,2024-09-10 10:08:07
SuLJCmZTqGFz@mail.ru,CREATE,2024-09-10 19:49:42
GUbFx@mail.ru,UPDATE,2024-09-10 18:07:37
IJGvZwXbJM@gmail.com,DELETE,2024-09-10 01:54:24
oxJbolqLPcRvxz@gmail.com,CREATE,2024-09-10 04:27:03
kumBbQtLjxfRdK@ya.ru,READ,2024-09-10 00:59:54
ZiUXAoQnUjKC@gmail.com,UPDATE,2024-09-10 23:39:00
VjxlYjPUk@ya.ru,CREATE,2024-09-10 01:39:12
wKnGXEVUR@gmail.com,READ,2024-09-10 04:12:27
PKlsECpRWo@ya.ru,READ,2024-09-10 22:07:50
kumBbQtLjxfRdK@ya.ru,DELETE,2024-09-10 04:55:44
SuLJCmZTqGFz@mail.ru,CREATE,2024-09-10 04:19:55
ZiUXAoQnUjKC@gmail.com,READ,2024-09-10 23:29:36
SuLJCmZTqGFz@mail.ru,READ,2024-09-10 02:58:04
VjxlYjPUk@ya.ru,CREATE,2024-09-10 20:46:56
ZiUXAoQnUjKC@gmail.com,UPDATE,2024-09-10 14:10:41
KsJfDxBk@ya.ru,UPDATE,2024-09-10 00:44:32
GUbFx@mail.ru,DELETE,2024-09-10 11:36:57
KsJfDxBk@ya.ru,DELETE,2024-09-10 19:27:39
KsJfDxBk@ya.ru,UPDATE,2024-09-10 03:38:23
wKnGXEVUR@gmail.com,READ,2024-09-10 08:35:12
PKlsECpRWo@ya.ru,UPDATE,2024-09-10 08:16:02
oxJbolqLPcRvxz@gmail.com,CREATE,2024-09-10 19:13:05
kumBbQtLjxfRdK@ya.ru,DELETE,2024-09-10 06:21:24
VjxlYjPUk@ya.ru,UPDATE,2024-09-10 01:04:14
PKlsECpRWo@ya.ru,CREATE,2024-09-10 11:54:39
IJGvZwXbJM@gmail.com,CREATE,2024-09-10 08:43:28
oxJbolqLPcRvxz@gmail.com,DELETE,2024-09-10 05:30:09
PKlsECpRWo@ya.ru,CREATE,2024-09-10 19:16:55
wKnGXEVUR@gmail.com,CREATE,2024-09-10 06:40:38
PKlsECpRWo@ya.ru,CREATE,2024-09-10 15:06:55
ZiUXAoQnUjKC@gmail.com,CREATE,2024-09-10 00:18:25
kumBbQtLjxfRdK@ya.ru,DELETE,2024-09-10 18:46:23
VjxlYjPUk@ya.ru,CREATE,2024-09-10 09:31:26
wKnGXEVUR@gmail.com,CREATE,2024-09-10 12:06:55
PKlsECpRWo@ya.ru,READ,2024-09-10 18:43:13
GUbFx@mail.ru,CREATE,2024-09-10 01:43:11
SuLJCmZTqGFz@mail.ru,DELETE,2024-09-10 12:55:06
kumBbQtLjxfRdK@ya.ru,CREATE,2024-09-10 22:32:57
SuLJCmZTqGFz@mail.ru,READ,2024-09-10 14:21:27
oxJbolqLPcRvxz@gmail.com,CREATE,2024-09-10 01:26:03
VjxlYjPUk@ya.ru,DELETE,2024-09-10 20:59:42
SuLJCmZTqGFz@mail.ru,DELETE,2024-09-10 14:00:29
VjxlYjPUk@ya.ru,UPDATE,2024-09-10 19:42:52
GUbFx@mail.ru,UPDATE,2024-09-10 20:48:03
wKnGXEVUR@gmail.com,DELETE,2024-09-10 13:39:13
IJGvZwXbJM@gmail.com,UPDATE,2024-09-10 17:41:39
KsJfDxBk@ya.ru,CREATE,2024-09-10 17:58:09
SuLJCmZTqGFz@mail.ru,CREATE,2024-09-10 03:09:26
wKnGXEVUR@gmail.com,READ,2024-09-10 15:36:02
IJGvZwXbJM@gmail.com,DELETE,2024-09-10 06:40:17
IJGvZwXbJM@gmail.com,DELETE,2024-09-10 16:10:41
KsJfDxBk@ya.ru,UPDATE,2024-09-10 15:51:19
GUbFx@mail.ru,DELETE,2024-09-10 19:59:42
VjxlYjPUk@ya.ru,CREATE,2024-09-10 14:01:14
ZiUXAoQnUjKC@gmail.com,CREATE,2024-09-10 12:47:15
IJGvZwXbJM@gmail.com,UPDATE,2024-09-10 20:26:53
VjxlYjPUk@ya.ru,DELETE,2024-09-10 21:06:51
oxJbolqLPcRvxz@gmail.com,DELETE,2024-09-10 19:12:53
KsJfDxBk@ya.ru,DELETE,2024-09-10 21:23:14
oxJbolqLPcRvxz@gmail.com,READ,2024-09-10 14:41:41
wKnGXEVUR@gmail.com,UPDATE,2024-09-10 17:35:57
kumBbQtLjxfRdK@ya.ru,DELETE,2024-09-10 04:57:07
IJGvZwXbJM@gmail.com,CREATE,2024-09-10 15:08:24
SuLJCmZTqGFz@mail.ru,UPDATE,2024-09-10 08:35:11
GUbFx@mail.ru,DELETE,2024-09-10 14:07:16
wKnGXEVUR@gmail.com,READ,2024-09-10 10:40:04
SuLJCmZTqGFz@mail.ru,READ,2024-09-10 07:12:32
oxJbolqLPcRvxz@gmail.com,UPDATE,2024-09-10 14:03:17
wKnGXEVUR@gmail.com,UPDATE,2024-09-10 16:36:28
KsJfDxBk@ya.ru,CREATE,2024-09-10 10:24:55
wKnGXEVUR@gmail.com,DELETE,2024-09-10 11:21:06
ZiUXAoQnUjKC@gmail.com,UPDATE,2024-09-10 16:59:29
IJGvZwXbJM@gmail.com,DELETE,2024-09-10 13:08:44
wKnGXEVUR@gmail.com,DELETE,2024-09-10 20:56:03
SuLJCmZTqGFz@mail.ru,CREATE,2024-09-10 13:43:20
kumBbQtLjxfRdK@ya.ru,CREATE,2024-09-10 20:42:11
IJGvZwXbJM@gmail.com,UPDATE,2024-09-10 14:56:54
GUbFx@mail.ru,DELETE,2024-09-10 21:01:32
VjxlYjPUk@ya.ru,DELETE,2024-09-10 17:34:27
KsJfDxBk@ya.ru,UPDATE,2024-09-10 15:02:54
GUbFx@mail.ru,CREATE,2024-09-10 19:47:29
VjxlYjPUk@ya.ru,READ,2024-09-10 10:09:14
wKnGXEVUR@gmail.com,UPDATE,2024-09-10 18:24:05
KsJfDxBk@ya.ru,CREATE,2024-09-10 14:33:08
oxJbolqLPcRvxz@gmail.com,UPDATE,2024-09-10 09:02:59
GUbFx@mail.ru,READ,2024-09-10 02:50:41
IJGvZwXbJM@gmail.com,UPDATE,2024-09-10 09:14:39
KsJfDxBk@ya.ru,READ,2024-09-10 08:10:41
wKnGXEVUR@gmail.com,DELETE,2024-09-10 10:22:29
GUbFx@mail.ru,READ,2024-09-10 18:11:02
ZiUXAoQnUjKC@gmail.com,UPDATE,2024-09-10 14:04:59
GUbFx@mail.ru,READ,2024-09-10 04:57:41
PKlsECpRWo@ya.ru,DELETE,2024-09-10 16:18:52
ZiUXAoQnUjKC@gmail.com,UPDATE,2024-09-10 09:03:17
VjxlYjPUk@ya.ru,DELETE,2024-09-10 04:32:41
PKlsECpRWo@ya.ru,UPDATE,2024-09-10 05:05:20
SuLJCmZTqGFz@mail.ru,UPDATE,2024-09-10 14:21:02
SuLJCmZTqGFz@mail.ru,READ,2024-09-10 14:14:55
kumBbQtLjxfRdK@ya.ru,READ,2024-09-10 00:50:47
GUbFx@mail.ru,DELETE,2024-09-10 07:08:47
kumBbQtLjxfRdK@ya.ru,CREATE,2024-09-10 01:00:19
wKnGXEVUR@gmail.com,DELETE,2024-09-10 13:19:37
SuLJCmZTqGFz@mail.ru,DELETE,2024-09-10 20:03:22
SuLJCmZTqGFz@mail.ru,READ,2024-09-10 18:05:34
oxJbolqLPcRvxz@gmail.com,READ,2024-09-10 23:42:53
oxJbolqLPcRvxz@gmail.com,CREATE,2024-09-10 11:09:47
wKnGXEVUR@gmail.com,READ,2024-09-10 15:14:56
IJGvZwXbJM@gmail.com,UPDATE,2024-09-10 07:21:18
kumBbQtLjxfRdK@ya.ru,UPDATE,2024-09-10 08:39:20
PKlsECpRWo@ya.ru,UPDATE,2024-09-10 04:46:43
ZiUXAoQnUjKC@gmail.com,UPDATE,2024-09-10 05:49:38
kumBbQtLjxfRdK@ya.ru,DELETE,2024-09-10 22:53:25
VjxlYjPUk@ya.ru,READ,2024-09-10 10:02:41
GUbFx@mail.ru,READ,2024-09-10 01:44:07
wKnGXEVUR@gmail.com,UPDATE,2024-09-10 05:48:21
SuLJCmZTqGFz@mail.ru,READ,2024-09-10 21:51:54
ZiUXAoQnUjKC@gmail.com,DELETE,2024-09-10 05:36:49
VjxlYjPUk@ya.ru,DELETE,2024-09-10 22:10:11
KsJfDxBk@ya.ru,UPDATE,2024-09-10 10:09:12
kumBbQtLjxfRdK@ya.ru,READ,2024-09-10 10:47:07
wKnGXEVUR@gmail.com,DELETE,2024-09-10 07:52:24
wKnGXEVUR@gmail.com,DELETE,2024-09-10 03:52:37
VjxlYjPUk@ya.ru,READ,2024-09-10 06:13:55
kumBbQtLjxfRdK@ya.ru,DELETE,2024-09-10 13:47:48
oxJbolqLPcRvxz@gmail.com,CREATE,2024-09-10 07:05:52
oxJbolqLPcRvxz@gmail.com,READ,2024-09-10 16:43:33
KsJfDxBk@ya.ru,CREATE,2024-09-10 15:25:10
wKnGXEVUR@gmail.com,DELETE,2024-09-10 16:00:19
oxJbolqLPcRvxz@gmail.com,UPDATE,2024-09-10 15:35:15
wKnGXEVUR@gmail.com,READ,2024-09-10 15:01:18
GUbFx@mail.ru,READ,2024-09-10 12:02:33
PKlsECpRWo@ya.ru,CREATE,2024-09-10 02:39:35
PKlsECpRWo@ya.ru,UPDATE,2024-09-10 19:30:49
wKnGXEVUR@gmail.com,CREATE,2024-09-10 03:38:53
SuLJCmZTqGFz@mail.ru,READ,2024-09-10 13:38:09
PKlsECpRWo@ya.ru,DELETE,2024-09-10 21:29:26
kumBbQtLjxfRdK@ya.ru,CREATE,2024-09-10 15:05:02
IJGvZwXbJM@gmail.com,READ,2024-09-10 10:00:06
kumBbQtLjxfRdK@ya.ru,READ,2024-09-10 05:58:40
kumBbQtLjxfRdK@ya.ru,UPDATE,2024-09-10 04:19:43
GUbFx@mail.ru,CREATE,2024-09-10 04:57:21
oxJbolqLPcRvxz@gmail.com,DELETE,2024-09-10 03:11:36
VjxlYjPUk@ya.ru,UPDATE,2024-09-10 00:58:09
ZiUXAoQnUjKC@gmail.com,DELETE,2024-09-10 03:54:47
IJGvZwXbJM@gmail.com,UPDATE,2024-09-10 09:03:26
GUbFx@mail.ru,DELETE,2024-09-10 18:08:27
GUbFx@mail.ru,CREATE,2024-09-10 20:01:01
PKlsECpRWo@ya.ru,READ,2024-09-10 18:57:44
ZiUXAoQnUjKC@gmail.com,DELETE,2024-09-10 10:20:00
oxJbolqLPcRvxz@gmail.com,READ,2024-09-10 05:03:56
oxJbolqLPcRvxz@gmail.com,CREATE,2024-09-10 10:09:55
wKnGXEVUR@gmail.com,UPDATE,2024-09-10 18:59:58
oxJbolqLPcRvxz@gmail.com,READ,2024-09-10 10:11:41
PKlsECpRWo@ya.ru,CREATE,2024-09-10 06:46:58
wKnGXEVUR@gmail.com,CREATE,2024-09-10 13:53:04
kumBbQtLjxfRdK@ya.ru,UPDATE,2024-09-10 16:51:59
KsJfDxBk@ya.ru,DELETE,2024-09-10 04:15:50
VjxlYjPUk@ya.ru,READ,2024-09-10 23:35:55
kumBbQtLjxfRdK@ya.ru,UPDATE,2024-09-10 20:23:14
kumBbQtLjxfRdK@ya.ru,CREATE,2024-09-10 21:31:28
oxJbolqLPcRvxz@gmail.com,READ,2024-09-10 23:36:43
oxJbolqLPcRvxz@gmail.com,DELETE,2024-09-10 14:19:00
KsJfDxBk@ya.ru,UPDATE,2024-09-10 06:08:58
kumBbQtLjxfRdK@ya.ru,READ,2024-09-10 09:38:05
kumBbQtLjxfRdK@ya.ru,UPDATE,2024-09-10 16:46:48
PKlsECpRWo@ya.ru,DELETE,2024-09-10 19:27:52
PKlsECpRWo@ya.ru,DELETE,2024-09-10 04:03:42
GUbFx@mail.ru,DELETE,2024-09-10 03:59:29
oxJbolqLPcRvxz@gmail.com,CREATE,2024-09-10 21:52:11
KsJfDxBk@ya.ru,READ,2024-09-10 22:46:33
GUbFx@mail.ru,UPDATE,2024-09-10 12:12:08
IJGvZwXbJM@gmail.com,CREATE,2024-09-10 21:45:54
VjxlYjPUk@ya.ru,CREATE,2024-09-10 21:52:40
VjxlYjPUk@ya.ru,UPDATE,2024-09-10 03:34:10
KsJfDxBk@ya.ru,DELETE,2024-09-10 07:38:44
kumBbQtLjxfRdK@ya.ru,READ,2024-09-10 23:19:30
SuLJCmZTqGFz@mail.ru,READ,2024-09-10 18:17:09
SuLJCmZTqGFz@mail.ru,READ,2024-09-10 03:03:15
kumBbQtLjxfRdK@ya.ru,READ,2024-09-10 08:00:15
SuLJCmZTqGFz@mail.ru,UPDATE,2024-09-10 08:40:19
KsJfDxBk@ya.ru,READ,2024-09-10 13:13:26
SuLJCmZTqGFz@mail.ru,READ,2024-09-10 18:30:00
VjxlYjPUk@ya.ru,READ,2024-09-10 04:55:26
oxJbolqLPcRvxz@gmail.com,UPDATE,2024-09-10 21:28:17
kumBbQtLjxfRdK@ya.ru,READ,2024-09-10 10:58:42
PKlsECpRWo@ya.ru,READ,2024-09-10 23:08:25
kumBbQtLjxfRdK@ya.ru,DELETE,2024-09-10 07:49:21
VjxlYjPUk@ya.ru,DELETE,2024-09-10 03:14:18
VjxlYjPUk@ya.ru,READ,2024-09-10 22:37:42
SuLJCmZTqGFz@mail.ru,UPDATE,2024-09-10 20:07:46
kumBbQtLjxfRdK@ya.ru,DELETE,2024-09-10 03:07:37
kumBbQtLjxfRdK@ya.ru,CREATE,2024-09-10 03:17:16
KsJfDxBk@ya.ru,DELETE,2024-09-10 23:06:29
IJGvZwXbJM@gmail.com,UPDATE,2024-09-10 21:14:09
PKlsECpRWo@ya.ru,DELETE,2024-09-10 20:57:36
KsJfDxBk@ya.ru,CREATE,2024-09-10 16:20:57
VjxlYjPUk@ya.ru,UPDATE,2024-09-10 10:01:09
kumBbQtLjxfRdK@ya.ru,DELETE,2024-09-10 17:46:40
GUbFx@mail.ru,READ,2024-09-10 04:52:42
ZiUXAoQnUjKC@gmail.com,DELETE,2024-09-10 23:39:53
wKnGXEVUR@gmail.com,DELETE,2024-09-10 08:06:08
oxJbolqLPcRvxz@gmail.com,UPDATE,2024-09-10 10:23:28
wKnGXEVUR@gmail.com,CREATE,2024-09-10 14:07:37
wKnGXEVUR@gmail.com,READ,2024-09-10 17:15:34
wKnGXEVUR@gmail.com,UPDATE,2024-09-10 04:09:08
wKnGXEVUR@gmail.com,CREATE,2024-09-10 16:07:34
oxJbolqLPcRvxz@gmail.com,READ,2024-09-10 03:29:13
wKnGXEVUR@gmail.com,UPDATE,2024-09-10 06:18:27
PKlsECpRWo@ya.ru,UPDATE,2024-09-10 02:08:00
SuLJCmZTqGFz@mail.ru,DELETE,2024-09-10 04:07:05
GUbFx@mail.ru,UPDATE,2024-09-10 07:10:26
VjxlYjPUk@ya.ru,UPDATE,2024-09-10 00:16:48
VjxlYjPUk@ya.ru,UPDATE,2024-09-10 09:39:01
VjxlYjPUk@ya.ru,UPDATE,2024-09-10 05:58:42
KsJfDxBk@ya.ru,CREATE,2024-09-10 14:36:07
IJGvZwXbJM@gmail.com,CREATE,2024-09-10 02:30:00
ZiUXAoQnUjKC@gmail.com,DELETE,2024-09-10 13:01:17
kumBbQtLjxfRdK@ya.ru,UPDATE,2024-09-10 15:54:23
VjxlYjPUk@ya.ru,UPDATE,2024-09-10 15:13:11
SuLJCmZTqGFz@mail.ru,UPDATE,2024-09-10 18:25:59
KsJfDxBk@ya.ru,DELETE,2024-09-10 04:57:29
wKnGXEVUR@gmail.com,READ,2024-09-10 08:24:09
oxJbolqLPcRvxz@gmail.com,UPDATE,2024-09-10 20:42:50
KsJfDxBk@ya.ru,UPDATE,2024-09-10 02:42:42
IJGvZwXbJM@gmail.com,DELETE,2024-09-10 10:46:46
VjxlYjPUk@ya.ru,READ,2024-09-10 01:17:13
PKlsECpRWo@ya.ru,DELETE,2024-09-10 17:24:49
PKlsECpRWo@ya.ru,READ,2024-09-10 05:42:16
GUbFx@mail.ru,CREATE,2024-09-10 17:55:45
GUbFx@mail.ru,DELETE,2024-09-10 17:51:02
oxJbolqLPcRvxz@gmail.com,CREATE,2024-09-10 14:02:38
VjxlYjPUk@ya.ru,UPDATE,2024-09-10 04:16:53
oxJbolqLPcRvxz@gmail.com,CREATE,2024-09-10 12:12:27
KsJfDxBk@ya.ru,UPDATE,2024-09-10 15:28:37
KsJfDxBk@ya.ru,READ,2024-09-10 05:33:52
oxJbolqLPcRvxz@gmail.com,DELETE,2024-09-10 00:17:44
GUbFx@mail.ru,DELETE,2024-09-10 15:42:36
PKlsECpRWo@ya.ru,CREATE,2024-09-10 00:45:55
SuLJCmZTqGFz@mail.ru,CREATE,2024-09-10 17:04:19
wKnGXEVUR@gmail.com,UPDATE,2024-09-10 22:02:48
GUbFx@mail.ru,READ,2024-09-10 13:54:14
GUbFx@mail.ru,READ,2024-09-10 04:12:22
SuLJCmZTqGFz@mail.ru,READ,2024-09-10 15:31:55
SuLJCmZTqGFz@mail.ru,CREATE,2024-09-10 08:27:50
VjxlYjPUk@ya.ru,CREATE,2024-09-10 09:22:27
PKlsECpRWo@ya.ru,READ,2024-09-10 12:16:16
IJGvZwXbJM@gmail.com,DELETE,2024-09-10 18:53:14
KsJfDxBk@ya.ru,DELETE,2024-09-10 22:40:21
PKlsECpRWo@ya.ru,CREATE,2024-09-10 05:17:31
VjxlYjPUk@ya.ru,READ,2024-09-10 06:08:49
oxJbolqLPcRvxz@gmail.com,DELETE,2024-09-10 17:04:58
GUbFx@mail.ru,CREATE,2024-09-10 22:53:17
kumBbQtLjxfRdK@ya.ru,DELETE,2024-09-10 09:30:14
SuLJCmZTqGFz@mail.ru,READ,2024-09-10 18:22:33
VjxlYjPUk@ya.ru,DELETE,2024-09-10 10:59:42
KsJfDxBk@ya.ru,UPDATE,2024-09-10 19:12:32
IJGvZwXbJM@gmail.com,DELETE,2024-09-10 11:41:31
KsJfDxBk@ya.ru,UPDATE,2024-09-10 03:46:57
KsJfDxBk@ya.ru,UPDATE,2024-09-10 03:59:03
SuLJCmZTqGFz@mail.ru,UPDATE,2024-09-10 01:09:35
wKnGXEVUR@gmail.com,DELETE,2024-09-10 01:11:56
KsJfDxBk@ya.ru,CREATE,2024-09-10 20:00:59
KsJfDxBk@ya.ru,CREATE,2024-09-10 20:19:15
GUbFx@mail.ru,UPDATE,2024-09-10 06:42:16
kumBbQtLjxfRdK@ya.ru,UPDATE,2024-09-10 02:12:07
oxJbolqLPcRvxz@gmail.com,CREATE,2024-09-10 23:47:00
VjxlYjPUk@ya.ru,UPDATE,2024-09-10 05:27:16
KsJfDxBk@ya.ru,UPDATE,2024-09-10 23:58:23
ZiUXAoQnUjKC@gmail.com,READ,2024-09-10 09:08:56
VjxlYjPUk@ya.ru,UPDATE,2024-09-10 14:03:04
oxJbolqLPcRvxz@gmail.com,CREATE,2024-09-10 12:22:04
wKnGXEVUR@gmail.com,DELETE,2024-09-10 06:09:12
IJGvZwXbJM@gmail.com,CREATE,2024-09-10 11:37:09
wKnGXEVUR@gmail.com,CREATE,2024-09-10 18:07:56
PKlsECpRWo@ya.ru,DELETE,2024-09-10 10:42:53
SuLJCmZTqGFz@mail.ru,READ,2024-09-10 03:36:43
GUbFx@mail.ru,READ,2024-09-10 16:35:21
kumBbQtLjxfRdK@ya.ru,UPDATE,2024-09-10 00:53:16
ZiUXAoQnUjKC@gmail.com,DELETE,2024-09-10 12:11:51
ZiUXAoQnUjKC@gmail.com,CREATE,2024-09-10 07:30:58
ZiUXAoQnUjKC@gmail.com,UPDATE,2024-09-10 06:21:52
ZiUXAoQnUjKC@gmail.com,UPDATE,2024-09-10 00:15:06
kumBbQtLjxfRdK@ya.ru,DELETE,2024-09-10 11:46:59
VjxlYjPUk@ya.ru,READ,2024-09-10 20:14:11
wKnGXEVUR@gmail.com,DELETE,2024-09-10 17:11:36
VjxlYjPUk@ya.ru,UPDATE,2024-09-10 00:27:27
wKnGXEVUR@gmail.com,DELETE,2024-09-10 04:33:05
GUbFx@mail.ru,UPDATE,2024-09-10 11:20:57
wKnGXEVUR@gmail.com,CREATE,2024-09-10 14:34:40
GUbFx@mail.ru,UPDATE,2024-09-10 06:15:49
IJGvZwXbJM@gmail.com,UPDATE,2024-09-10 12:28:05
wKnGXEVUR@gmail.com,DELETE,2024-09-10 00:25:25
KsJfDxBk@ya.ru,CREATE,2024-09-10 23:32:51
GUbFx@mail.ru,CREATE,2024-09-10 15:09:01
SuLJCmZTqGFz@mail.ru,CREATE,2024-09-10 14:11:47
oxJbolqLPcRvxz@gmail.com,UPDATE,2024-09-10 23:46:22
KsJfDxBk@ya.ru,DELETE,2024-09-10 18:15:42
kumBbQtLjxfRdK@ya.ru,READ,2024-09-10 01:05:09
KsJfDxBk@ya.ru,READ,2024-09-10 03:08:55
IJGvZwXbJM@gmail.com,UPDATE,2024-09-10 19:36:54
PKlsECpRWo@ya.ru,UPDATE,2024-09-10 10:16:22
VjxlYjPUk@ya.ru,DELETE,2024-09-10 19:54:38
oxJbolqLPcRvxz@gmail.com,READ,2024-09-10 12:44:18
KsJfDxBk@ya.ru,DELETE,2024-09-10 15:23:03
wKnGXEVUR@gmail.com,CREATE,2024-09-10 08:36:22
PKlsECpRWo@ya.ru,UPDATE,2024-09-10 04:25:38
IJGvZwXbJM@gmail.com,READ,2024-09-10 07:26:23
PKlsECpRWo@ya.ru,DELETE,2024-09-10 05:12:09
SuLJCmZTqGFz@mail.ru,DELETE,2024-09-10 23:39:25
wKnGXEVUR@gmail.com,DELETE,2024-09-10 08:06:25
PKlsECpRWo@ya.ru,READ,2024-09-10 01:12:51
GUbFx@mail.ru,DELETE,2024-09-10 00:18:11
SuLJCmZTqGFz@mail.ru,READ,2024-09-10 21:07:08
VjxlYjPUk@ya.ru,DELETE,2024-09-10 01:43:20
KsJfDxBk@ya.ru,CREATE,2024-09-10 16:57:11
IJGvZwXbJM@gmail.com,CREATE,2024-09-10 02:50:08
wKnGXEVUR@gmail.com,READ,2024-09-10 04:22:00
ZiUXAoQnUjKC@gmail.com,UPDATE,2024-09-10 13:24:53
ZiUXAoQnUjKC@gmail.com,UPDATE,2024-09-10 11:34:27
wKnGXEVUR@gmail.com,DELETE,2024-09-10 06:54:03
KsJfDxBk@ya.ru,READ,2024-09-10 07:58:40
VjxlYjPUk@ya.ru,CREATE,2024-09-10 12:39:08
VjxlYjPUk@ya.ru,DELETE,2024-09-10 21:27:43
VjxlYjPUk@ya.ru,CREATE,2024-09-10 13:28:25
PKlsECpRWo@ya.ru,READ,2024-09-10 06:26:07
kumBbQtLjxfRdK@ya.ru,READ,2024-09-10 00:31:42
GUbFx@mail.ru,READ,2024-09-10 05:08:16
ZiUXAoQnUjKC@gmail.com,DELETE,2024-09-10 15:15:46
ZiUXAoQnUjKC@gmail.com,CREATE,2024-09-10 14:27:13
SuLJCmZTqGFz@mail.ru,CREATE,2024-09-10 09:20:53
KsJfDxBk@ya.ru,READ,2024-09-10 22:02:58
PKlsECpRWo@ya.ru,DELETE,2024-09-10 15:04:04
SuLJCmZTqGFz@mail.ru,CREATE,2024-09-10 07:46:47
KsJfDxBk@ya.ru,UPDATE,2024-09-10 08:20:19
kumBbQtLjxfRdK@ya.ru,CREATE,2024-09-10 08:09:49
wKnGXEVUR@gmail.com,DELETE,2024-09-10 23:00:30
oxJbolqLPcRvxz@gmail.com,READ,2024-09-10 10:48:02
VjxlYjPUk@ya.ru,READ,2024-09-10 06:51:36
IJGvZwXbJM@gmail.com,UPDATE,2024-09-10 11:34:37
GUbFx@mail.ru,DELETE,2024-09-10 10:48:26
SuLJCmZTqGFz@mail.ru,READ,2024-09-10 11:31:12
PKlsECpRWo@ya.ru,DELETE,2024-09-10 19:26:31
IJGvZwXbJM@gmail.com,UPDATE,2024-09-10 05:04:42
VjxlYjPUk@ya.ru,CREATE,2024-09-10 02:41:55
VjxlYjPUk@ya.ru,UPDATE,2024-09-10 22:46:33
kumBbQtLjxfRdK@ya.ru,DELETE,2024-09-10 20:31:37
GUbFx@mail.ru,CREATE,2024-09-10 12:43:25
GUbFx@mail.ru,DELETE,2024-09-10 17:48:29
ZiUXAoQnUjKC@gmail.com,CREATE,2024-09-10 23:15:50
wKnGXEVUR@gmail.com,DELETE,2024-09-10 08:32:56
wKnGXEVUR@gmail.com,READ,2024-09-10 23:29:52
KsJfDxBk@ya.ru,UPDATE,2024-09-10 23:30:10
VjxlYjPUk@ya.ru,CREATE,2024-09-10 07:27:52
IJGvZwXbJM@gmail.com,UPDATE,2024-09-10 17:59:16
kumBbQtLjxfRdK@ya.ru,DELETE,2024-09-10 15:43:08
IJGvZwXbJM@gmail.com,UPDATE,2024-09-10 08:25:04
IJGvZwXbJM@gmail.com,READ,2024-09-10 03:48:06
wKnGXEVUR@gmail.com,UPDATE,2024-09-10 00:42:43
kumBbQtLjxfRdK@ya.ru,CREATE,2024-09-10 14:02:48
KsJfDxBk@ya.ru,CREATE,2024-09-10 22:17:35
KsJfDxBk@ya.ru,DELETE,2024-09-10 10:37:15
IJGvZwXbJM@gmail.com,CREATE,2024-09-10 17:54:02
wKnGXEVUR@gmail.com,DELETE,2024-09-10 06:03:22
SuLJCmZTqGFz@mail.ru,READ,2024-09-10 15:03:28
kumBbQtLjxfRdK@ya.ru,READ,2024-09-10 05:34:19
oxJbolqLPcRvxz@gmail.com,DELETE,2024-09-10 19:27:11
IJGvZwXbJM@gmail.com,READ,2024-09-10 13:33:41
wKnGXEVUR@gmail.com,UPDATE,2024-09-10 05:05:52
oxJbolqLPcRvxz@gmail.com,READ,2024-09-10 05:05:32
oxJbolqLPcRvxz@gmail.com,CREATE,2024-09-10 03:42:16
VjxlYjPUk@ya.ru,READ,2024-09-10 18:42:45
VjxlYjPUk@ya.ru,CREATE,2024-09-10 19:20:54
wKnGXEVUR@gmail.com,CREATE,2024-09-10 17:22:34
wKnGXEVUR@gmail.com,READ,2024-09-10 06:05:22
wKnGXEVUR@gmail.com,UPDATE,2024-09-10 12:08:18
IJGvZwXbJM@gmail.com,READ,2024-09-10 18:30:52
SuLJCmZTqGFz@mail.ru,READ,2024-09-10 21:53:00
SuLJCmZTqGFz@mail.ru,CREATE,2024-09-10 23:59:50
KsJfDxBk@ya.ru,DELETE,2024-09-10 19:44:07
ZiUXAoQnUjKC@gmail.com,DELETE,2024-09-10 10:13:27
IJGvZwXbJM@gmail.com,READ,2024-09-10 22:00:14
VjxlYjPUk@ya.ru,UPDATE,2024-09-10 00:41:09
kumBbQtLjxfRdK@ya.ru,CREATE,2024-09-10 17:40:26
wKnGXEVUR@gmail.com,UPDATE,2024-09-10 16:40:54
PKlsECpRWo@ya.ru,UPDATE,2024-09-10 01:41:38
PKlsECpRWo@ya.ru,READ,2024-09-10 02:21:33
VjxlYjPUk@ya.ru,READ,2024-09-10 03:34:16
oxJbolqLPcRvxz@gmail.com,READ,2024-09-10 12:27:01
PKlsECpRWo@ya.ru,READ,2024-09-10 16:14:37
VjxlYjPUk@ya.ru,CREATE,2024-09-10 17:53:47
oxJbolqLPcRvxz@gmail.com,CREATE,2024-09-10 14:41:40
GUbFx@mail.ru,DELETE,2024-09-10 07:13:55
ZiUXAoQnUjKC@gmail.com,DELETE,2024-09-10 00:21:08
VjxlYjPUk@ya.ru,READ,2024-09-10 03:35:02
SuLJCmZTqGFz@mail.ru,CREATE,2024-09-10 11:05:01
GUbFx@mail.ru,READ,2024-09-10 02:20:17
VjxlYjPUk@ya.ru,DELETE,2024-09-10 06:11:06
KsJfDxBk@ya.ru,DELETE,2024-09-10 20:34:08
IJGvZwXbJM@gmail.com,DELETE,2024-09-10 18:27:13
PKlsECpRWo@ya.ru,UPDATE,2024-09-10 08:01:49
SuLJCmZTqGFz@mail.ru,CREATE,2024-09-10 07:30:22
ZiUXAoQnUjKC@gmail.com,CREATE,2024-09-10 15:50:47
VjxlYjPUk@ya.ru,UPDATE,2024-09-10 20:32:06
SuLJCmZTqGFz@mail.ru,UPDATE,2024-09-10 09:39:17
IJGvZwXbJM@gmail.com,DELETE,2024-09-10 15:05:38
wKnGXEVUR@gmail.com,UPDATE,2024-09-10 07:48:53
VjxlYjPUk@ya.ru,UPDATE,2024-09-10 07:23:22
kumBbQtLjxfRdK@ya.ru,READ,2024-09-10 23:09:32
oxJbolqLPcRvxz@gmail.com,READ,2024-09-10 22:27:13
kumBbQtLjxfRdK@ya.ru,DELETE,2024-09-10 15:08:55
SuLJCmZTqGFz@mail.ru,READ,2024-09-10 13:25:13
IJGvZwXbJM@gmail.com,DELETE,2024-09-10 18:56:04
SuLJCmZTqGFz@mail.ru,READ,2024-09-10 08:42:43
KsJfDxBk@ya.ru,READ,2024-09-10 04:02:56
VjxlYjPUk@ya.ru,CREATE,2024-09-10 17:20:25
GUbFx@mail.ru,READ,2024-09-10 02:52:00
wKnGXEVUR@gmail.com,CREATE,2024-09-10 01:49:39
SuLJCmZTqGFz@mail.ru,READ,2024-09-10 21:20:26
IJGvZwXbJM@gmail.com,DELETE,2024-09-10 14:57:19
oxJbolqLPcRvxz@gmail.com,CREATE,2024-09-10 14:29:35
PKlsECpRWo@ya.ru,CREATE,2024-09-10 13:41:37
IJGvZwXbJM@gmail.com,DELETE,2024-09-10 09:01:07
GUbFx@mail.ru,CREATE,2024-09-10 22:02:53
kumBbQtLjxfRdK@ya.ru,CREATE,2024-09-10 19:02:13
IJGvZwXbJM@gmail.com,CREATE,2024-09-10 05:56:48
IJGvZwXbJM@gmail.com,UPDATE,2024-09-10 11:22:01
kumBbQtLjxfRdK@ya.ru,CREATE,2024-09-10 13:00:48
oxJbolqLPcRvxz@gmail.com,UPDATE,2024-09-10 10:58:57
kumBbQtLjxfRdK@ya.ru,CREATE,2024-09-10 03:38:37
ZiUXAoQnUjKC@gmail.com,CREATE,2024-09-10 12:22:42
GUbFx@mail.ru,UPDATE,2024-09-10 20:44:05
SuLJCmZTqGFz@mail.ru,UPDATE,2024-09-10 09:27:02
wKnGXEVUR@gmail.com,DELETE,2024-09-10 07:50:06
SuLJCmZTqGFz@mail.ru,CREATE,2024-09-10 14:26:37
ZiUXAoQnUjKC@gmail.com,CREATE,2024-09-10 23:09:13
VjxlYjPUk@ya.ru,CREATE,2024-09-10 04:03:52
GUbFx@mail.ru,READ,2024-09-10 22:52:41
wKnGXEVUR@gmail.com,READ,2024-09-10 21:04:13
IJGvZwXbJM@gmail.com,UPDATE,2024-09-10 20:53:15
ZiUXAoQnUjKC@gmail.com,DELETE,2024-09-10 22:07:16
VjxlYjPUk@ya.ru,CREATE,2024-09-10 15:53:59
oxJbolqLPcRvxz@gmail.com,DELETE,2024-09-10 14:53:38
kumBbQtLjxfRdK@ya.ru,CREATE,2024-09-10 05:41:51
ZiUXAoQnUjKC@gmail.com,UPDATE,2024-09-10 19:43:12
VjxlYjPUk@ya.ru,DELETE,2024-09-10 08:24:40
KsJfDxBk@ya.ru,READ,2024-09-10 22:58:20
KsJfDxBk@ya.ru,UPDATE,2024-09-10 20:48:09
oxJbolqLPcRvxz@gmail.com,DELETE,2024-09-10 07:01:48
wKnGXEVUR@gmail.com,READ,2024-09-10 11:09:49
IJGvZwXbJM@gmail.com,DELETE,2024-09-10 09:05:39
PKlsECpRWo@ya.ru,READ,2024-09-10 20:35:40
GUbFx@mail.ru,CREATE,2024-09-10 08:49:11
kumBbQtLjxfRdK@ya.ru,READ,2024-09-10 17:07:01
SuLJCmZTqGFz@mail.ru,READ,2024-09-10 05:20:07
SuLJCmZTqGFz@mail.ru,CREATE,2024-09-10 16:16:45
ZiUXAoQnUjKC@gmail.com,READ,2024-09-10 23:31:58
wKnGXEVUR@gmail.com,READ,2024-09-10 17:45:29
kumBbQtLjxfRdK@ya.ru,UPDATE,2024-09-10 08:40:21
GUbFx@mail.ru,UPDATE,2024-09-10 11:53:40
SuLJCmZTqGFz@mail.ru,READ,2024-09-10 18:40:56
oxJbolqLPcRvxz@gmail.com,CREATE,2024-09-10 08:23:56
GUbFx@mail.ru,DELETE,2024-09-10 22:27:06
VjxlYjPUk@ya.ru,CREATE,2024-09-10 02:37:46
VjxlYjPUk@ya.ru,CREATE,2024-09-10 00:56:26
VjxlYjPUk@ya.ru,READ,2024-09-10 14:10:09
wKnGXEVUR@gmail.com,CREATE,2024-09-10 18:50:14
SuLJCmZTqGFz@mail.ru,DELETE,2024-09-10 13:25:38
ZiUXAoQnUjKC@gmail.com,UPDATE,2024-09-10 15:09:10
wKnGXEVUR@gmail.com,READ,2024-09-10 23:47:18
KsJfDxBk@ya.ru,UPDATE,2024-09-10 10:47:19
GUbFx@mail.ru,CREATE,2024-09-10 02:14:25
KsJfDxBk@ya.ru,DELETE,2024-09-10 22:04:28
KsJfDxBk@ya.ru,READ,2024-09-10 21:35:30
oxJbolqLPcRvxz@gmail.com,CREATE,2024-09-10 02:09:55
kumBbQtLjxfRdK@ya.ru,CREATE,2024-09-10 08:00:07
PKlsECpRWo@ya.ru,UPDATE,2024-09-10 02:12:34
SuLJCmZTqGFz@mail.ru,DELETE,2024-09-10 16:44:39
SuLJCmZTqGFz@mail.ru,READ,2024-09-10 05:45:04
PKlsECpRWo@ya.ru,CREATE,2024-09-10 15:41:00
kumBbQtLjxfRdK@ya.ru,DELETE,2024-09-10 00:29:16
GUbFx@mail.ru,DELETE,2024-09-10 20:11:03
KsJfDxBk@ya.ru,CREATE,2024-09-10 15:45:24
ZiUXAoQnUjKC@gmail.com,UPDATE,2024-09-10 04:22:50
kumBbQtLjxfRdK@ya.ru,DELETE,2024-09-10 09:21:18
oxJbolqLPcRvxz@gmail.com,UPDATE,2024-09-10 13:25:49
oxJbolqLPcRvxz@gmail.com,READ,2024-09-10 00:51:15
KsJfDxBk@ya.ru,READ,2024-09-10 21:31:44
VjxlYjPUk@ya.ru,UPDATE,2024-09-10 05:27:13
VjxlYjPUk@ya.ru,READ,2024-09-10 21:39:01
oxJbolqLPcRvxz@gmail.com,CREATE,2024-09-10 08:04:05
VjxlYjPUk@ya.ru,CREATE,2024-09-10 09:09:56
KsJfDxBk@ya.ru,UPDATE,2024-09-10 17:20:45
oxJbolqLPcRvxz@gmail.com,UPDATE,2024-09-10 16:46:48
wKnGXEVUR@gmail.com,DELETE,2024-09-10 19:26:45
kumBbQtLjxfRdK@ya.ru,CREATE,2024-09-10 11:41:12
GUbFx@mail.ru,READ,2024-09-10 11:07:41
IJGvZwXbJM@gmail.com,DELETE,2024-09-10 08:06:59
kumBbQtLjxfRdK@ya.ru,READ,2024-09-10 19:10:19
ZiUXAoQnUjKC@gmail.com,DELETE,2024-09-10 21:46:19
VjxlYjPUk@ya.ru,DELETE,2024-09-10 01:05:25
VjxlYjPUk@ya.ru,DELETE,2024-09-10 11:52:17
SuLJCmZTqGFz@mail.ru,DELETE,2024-09-10 22:03:59
VjxlYjPUk@ya.ru,DELETE,2024-09-10 04:19:08
ZiUXAoQnUjKC@gmail.com,DELETE,2024-09-10 13:43:20
oxJbolqLPcRvxz@gmail.com,UPDATE,2024-09-10 04:10:16
SuLJCmZTqGFz@mail.ru,READ,2024-09-10 13:09:39
KsJfDxBk@ya.ru,UPDATE,2024-09-10 07:27:56
PKlsECpRWo@ya.ru,UPDATE,2024-09-10 05:38:04
kumBbQtLjxfRdK@ya.ru,UPDATE,2024-09-10 15:03:46
KsJfDxBk@ya.ru,CREATE,2024-09-10 06:06:01
VjxlYjPUk@ya.ru,READ,2024-09-10 03:52:59
GUbFx@mail.ru,DELETE,2024-09-10 00:45:55
SuLJCmZTqGFz@mail.ru,READ,2024-09-10 13:46:49
GUbFx@mail.ru,READ,2024-09-10 14:30:28
VjxlYjPUk@ya.ru,READ,2024-09-10 03:21:29
SuLJCmZTqGFz@mail.ru,UPDATE,2024-09-10 23:03:47
IJGvZwXbJM@gmail.com,UPDATE,2024-09-10 00:22:24
KsJfDxBk@ya.ru,CREATE,2024-09-10 12:56:51
oxJbolqLPcRvxz@gmail.com,UPDATE,2024-09-10 20:44:58
SuLJCmZTqGFz@mail.ru,DELETE,2024-09-10 22:15:35
IJGvZwXbJM@gmail.com,DELETE,2024-09-10 13:27:23
IJGvZwXbJM@gmail.com,READ,2024-09-10 03:38:12
GUbFx@mail.ru,READ,2024-09-10 17:16:38
ZiUXAoQnUjKC@gmail.com,DELETE,2024-09-10 00:18:26
KsJfDxBk@ya.ru,CREATE,2024-09-10 21:51:46
ZiUXAoQnUjKC@gmail.com,READ,2024-09-10 19:41:34
ZiUXAoQnUjKC@gmail.com,READ,2024-09-10 15:00:16
oxJbolqLPcRvxz@gmail.com,CREATE,2024-09-10 05:51:18
kumBbQtLjxfRdK@ya.ru,CREATE,2024-09-10 11:57:23
PKlsECpRWo@ya.ru,UPDATE,2024-09-10 03:11:13
KsJfDxBk@ya.ru,READ,2024-09-10 03:14:55
VjxlYjPUk@ya.ru,CREATE,2024-09-10 00:26:27
GUbFx@mail.ru,DELETE,2024-09-10 20:11:14
SuLJCmZTqGFz@mail.ru,UPDATE,2024-09-10 09:15:30
KsJfDxBk@ya.ru,READ,2024-09-10 02:34:35
oxJbolqLPcRvxz@gmail.com,READ,2024-09-10 19:53:06
kumBbQtLjxfRdK@ya.ru,READ,2024-09-10 11:18:33
wKnGXEVUR@gmail.com,UPDATE,2024-09-10 22:47:59
oxJbolqLPcRvxz@gmail.com,CREATE,2024-09-10 11:35:50
KsJfDxBk@ya.ru,UPDATE,2024-09-10 04:32:55
wKnGXEVUR@gmail.com,READ,2024-09-10 08:07:08
SuLJCmZTqGFz@mail.ru,UPDATE,2024-09-10 03:26:26
IJGvZwXbJM@gmail.com,READ,2024-09-10 07:33:40
wKnGXEVUR@gmail.com,UPDATE,2024-09-10 02:14:52
oxJbolqLPcRvxz@gmail.com,UPDATE,2024-09-10 22:38:31
oxJbolqLPcRvxz@gmail.com,READ,2024-09-10 17:24:19
VjxlYjPUk@ya.ru,UPDATE,2024-09-10 13:14:00
oxJbolqLPcRvxz@gmail.com,UPDATE,2024-09-10 13:06:59
oxJbolqLPcRvxz@gmail.com,DELETE,2024-09-10 00:06:05
PKlsECpRWo@ya.ru,DELETE,2024-09-10 03:14:45
PKlsECpRWo@ya.ru,UPDATE,2024-09-10 14:57:56
VjxlYjPUk@ya.ru,UPDATE,2024-09-10 23:39:41
SuLJCmZTqGFz@mail.ru,DELETE,2024-09-10 03:11:01
VjxlYjPUk@ya.ru,READ,2024-09-10 07:13:07
wKnGXEVUR@gmail.com,DELETE,2024-09-10 14:09:41
VjxlYjPUk@ya.ru,DELETE,2024-09-10 17:03:09
kumBbQtLjxfRdK@ya.ru,CREATE,2024-09-10 16:31:25
GUbFx@mail.ru,CREATE,2024-09-10 22:52:48
SuLJCmZTqGFz@mail.ru,UPDATE,2024-09-10 19:43:26
GUbFx@mail.ru,CREATE,2024-09-10 02:03:25
kumBbQtLjxfRdK@ya.ru,CREATE,2024-09-10 03:35:32
PKlsECpRWo@ya.ru,READ,2024-09-10 22:53:49
VjxlYjPUk@ya.ru,READ,2024-09-10 10:59:42
IJGvZwXbJM@gmail.com,READ,2024-09-10 17:30:50
ZiUXAoQnUjKC@gmail.com,UPDATE,2024-09-10 14:48:27
kumBbQtLjxfRdK@ya.ru,UPDATE,2024-09-10 06:19:26
kumBbQtLjxfRdK@ya.ru,DELETE,2024-09-10 06:07:45
VjxlYjPUk@ya.ru,CREATE,2024-09-10 22:51:32
kumBbQtLjxfRdK@ya.ru,DELETE,2024-09-10 05:21:23
IJGvZwXbJM@gmail.com,CREATE,2024-09-10 15:31:10
SuLJCmZTqGFz@mail.ru,CREATE,2024-09-10 09:53:02
IJGvZwXbJM@gmail.com,UPDATE,2024-09-10 11:08:28
kumBbQtLjxfRdK@ya.ru,CREATE,2024-09-10 12:26:42
ZiUXAoQnUjKC@gmail.com,UPDATE,2024-09-10 17:08:45
ZiUXAoQnUjKC@gmail.com,UPDATE,2024-09-10 12:37:22
KsJfDxBk@ya.ru,DELETE,2024-09-10 23:23:42
PKlsECpRWo@ya.ru,UPDATE,2024-09-10 20:25:24
PKlsECpRWo@ya.ru,READ,2024-09-10 05:42:04
KsJfDxBk@ya.ru,DELETE,2024-09-10 23:01:46
SuLJCmZTqGFz@mail.ru,READ,2024-09-10 22:49:15
ZiUXAoQnUjKC@gmail.com,CREATE,2024-09-10 19:10:49
GUbFx@mail.ru,DELETE,2024-09-10 00:19:29
VjxlYjPUk@ya.ru,DELETE,2024-09-10 07:42:59
PKlsECpRWo@ya.ru,READ,2024-09-10 06:48:48
kumBbQtLjxfRdK@ya.ru,CREATE,2024-09-10 20:16:43
PKlsECpRWo@ya.ru,CREATE,2024-09-10 12:38:45
GUbFx@mail.ru,UPDATE,2024-09-10 16:51:21
PKlsECpRWo@ya.ru,DELETE,2024-09-10 07:13:55
IJGvZwXbJM@gmail.com,READ,2024-09-10 10:40:52
VjxlYjPUk@ya.ru,READ,2024-09-10 20:10:57
ZiUXAoQnUjKC@gmail.com,DELETE,2024-09-10 14:28:02
SuLJCmZTqGFz@mail.ru,READ,2024-09-10 13:22:19
SuLJCmZTqGFz@mail.ru,CREATE,2024-09-10 13:52:38
GUbFx@mail.ru,CREATE,2024-09-10 19:17:19
oxJbolqLPcRvxz@gmail.com,READ,2024-09-10 20:37:20
IJGvZwXbJM@gmail.com,UPDATE,2024-09-10 06:58:27
KsJfDxBk@ya.ru,DELETE,2024-09-10 18:00:54
IJGvZwXbJM@gmail.com,CREATE,2024-09-10 08:16:55
SuLJCmZTqGFz@mail.ru,UPDATE,2024-09-10 07:28:47
KsJfDxBk@ya.ru,CREATE,2024-09-10 18:36:47
VjxlYjPUk@ya.ru,UPDATE,2024-09-10 18:58:25
kumBbQtLjxfRdK@ya.ru,CREATE,2024-09-10 04:43:55
VjxlYjPUk@ya.ru,DELETE,2024-09-10 04:27:03
PKlsECpRWo@ya.ru,UPDATE,2024-09-10 23:44:10
oxJbolqLPcRvxz@gmail.com,DELETE,2024-09-10 08:43:54
IJGvZwXbJM@gmail.com,READ,2024-09-10 01:28:03
PKlsECpRWo@ya.ru,UPDATE,2024-09-10 11:47:11
wKnGXEVUR@gmail.com,READ,2024-09-10 04:56:20
GUbFx@mail.ru,CREATE,2024-09-10 00:02:16
KsJfDxBk@ya.ru,READ,2024-09-10 05:13:41
wKnGXEVUR@gmail.com,READ,2024-09-10 06:44:39
IJGvZwXbJM@gmail.com,CREATE,2024-09-10 07:06:43
ZiUXAoQnUjKC@gmail.com,CREATE,2024-09-10 17:22:50
VjxlYjPUk@ya.ru,READ,2024-09-10 08:07:13
GUbFx@mail.ru,UPDATE,2024-09-10 00:06:41
VjxlYjPUk@ya.ru,READ,2024-09-10 19:07:51
wKnGXEVUR@gmail.com,DELETE,2024-09-10 16:20:11
wKnGXEVUR@gmail.com,UPDATE,2024-09-10 01:49:15
kumBbQtLjxfRdK@ya.ru,READ,2024-09-10 07:51:16
VjxlYjPUk@ya.ru,CREATE,2024-09-10 03:52:53
wKnGXEVUR@gmail.com,READ,2024-09-10 09:35:10
SuLJCmZTqGFz@mail.ru,UPDATE,2024-09-10 18:20:19
ZiUXAoQnUjKC@gmail.com,DELETE,2024-09-10 05:07:09
IJGvZwXbJM@gmail.com,DELETE,2024-09-10 07:58:00
kumBbQtLjxfRdK@ya.ru,UPDATE,2024-09-10 22:01:28
oxJbolqLPcRvxz@gmail.com,READ,2024-09-10 12:11:30
KsJfDxBk@ya.ru,READ,2024-09-10 03:35:42
oxJbolqLPcRvxz@gmail.com,CREATE,2024-09-10 11:35:55
KsJfDxBk@ya.ru,DELETE,2024-09-10 07:37:09
PKlsECpRWo@ya.ru,UPDATE,2024-09-10 01:28:40
KsJfDxBk@ya.ru,DELETE,2024-09-10 00:54:09
IJGvZwXbJM@gmail.com,CREATE,2024-09-10 00:19:32
kumBbQtLjxfRdK@ya.ru,READ,2024-09-10 17:03:00
kumBbQtLjxfRdK@ya.ru,UPDATE,2024-09-10 20:10:15
kumBbQtLjxfRdK@ya.ru,CREATE,2024-09-10 20:00:31
PKlsECpRWo@ya.ru,READ,2024-09-10 15:24:45
ZiUXAoQnUjKC@gmail.com,READ,2024-09-10 08:49:58
IJGvZwXbJM@gmail.com,DELETE,2024-09-10 17:12:06
KsJfDxBk@ya.ru,DELETE,2024-09-10 08:27:17
IJGvZwXbJM@gmail.com,READ,2024-09-10 22:01:40
GUbFx@mail.ru,UPDATE,2024-09-10 09:45:45
IJGvZwXbJM@gmail.com,CREATE,2024-09-10 18:44:01
VjxlYjPUk@ya.ru,DELETE,2024-09-10 06:31:46
oxJbolqLPcRvxz@gmail.com,DELETE,2024-09-10 21:58:01
kumBbQtLjxfRdK@ya.ru,CREATE,2024-09-10 12:15:06
PKlsECpRWo@ya.ru,DELETE,2024-09-10 04:53:30
SuLJCmZTqGFz@mail.ru,UPDATE,2024-09-10 10:16:29
oxJbolqLPcRvxz@gmail.com,DELETE,2024-09-10 10:00:36
KsJfDxBk@ya.ru,CREATE,2024-09-10 12:56:57
VjxlYjPUk@ya.ru,CREATE,2024-09-10 11:39:36
ZiUXAoQnUjKC@gmail.com,CREATE,2024-09-10 09:39:04
ZiUXAoQnUjKC@gmail.com,READ,2024-09-10 04:21:57
SuLJCmZTqGFz@mail.ru,UPDATE,2024-09-10 13:55:10
SuLJCmZTqGFz@mail.ru,READ,2024-09-10 16:05:59
wKnGXEVUR@gmail.com,UPDATE,2024-09-10 11:10:09
KsJfDxBk@ya.ru,CREATE,2024-09-10 19:24:56
IJGvZwXbJM@gmail.com,CREATE,2024-09-10 21:33:22
oxJbolqLPcRvxz@gmail.com,READ,2024-09-10 20:10:07
VjxlYjPUk@ya.ru,UPDATE,2024-09-10 19:30:28
IJGvZwXbJM@gmail.com,CREATE,2024-09-10 04:48:51
oxJbolqLPcRvxz@gmail.com,DELETE,2024-09-10 08:38:00
ZiUXAoQnUjKC@gmail.com,CREATE,2024-09-10 09:47:45
KsJfDxBk@ya.ru,CREATE,2024-09-10 05:52:58
GUbFx@mail.ru,DELETE,2024-09-10 04:53:02
VjxlYjPUk@ya.ru,UPDATE,2024-09-10 22:28:44
PKlsECpRWo@ya.ru,CREATE,2024-09-10 10:41:30
PKlsECpRWo@ya.ru,DELETE,2024-09-10 12:31:01
VjxlYjPUk@ya.ru,DELETE,2024-09-10 01:30:29
wKnGXEVUR@gmail.com,CREATE,2024-09-10 23:44:47
SuLJCmZTqGFz@mail.ru,CREATE,2024-09-10 09:42:29
wKnGXEVUR@gmail.com,READ,2024-09-10 04:18:35
IJGvZwXbJM@gmail.com,DELETE,2024-09-10 16:17:57
GUbFx@mail.ru,CREATE,2024-09-10 04:03:15
PKlsECpRWo@ya.ru,CREATE,2024-09-10 12:09:46
SuLJCmZTqGFz@mail.ru,UPDATE,2024-09-10 09:26:10
SuLJCmZTqGFz@mail.ru,READ,2024-09-10 15:21:21
wKnGXEVUR@gmail.com,DELETE,2024-09-10 18:11:03
IJGvZwXbJM@gmail.com,DELETE,2024-09-10 01:43:51
GUbFx@mail.ru,DELETE,2024-09-10 12:40:35
IJGvZwXbJM@gmail.com,UPDATE,2024-09-10 17:18:52
PKlsECpRWo@ya.ru,READ,2024-09-10 15:44:23
oxJbolqLPcRvxz@gmail.com,CREATE,2024-09-10 00:43:20
GUbFx@mail.ru,UPDATE,2024-09-10 20:05:07
IJGvZwXbJM@gmail.com,UPDATE,2024-09-10 19:54:04
VjxlYjPUk@ya.ru,READ,2024-09-10 20:46:01
kumBbQtLjxfRdK@ya.ru,CREATE,2024-09-10 14:08:53
ZiUXAoQnUjKC@gmail.com,UPDATE,2024-09-10 12:11:28
kumBbQtLjxfRdK@ya.ru,CREATE,2024-09-10 16:09:13
GUbFx@mail.ru,UPDATE,2024-09-10 07:02:40
IJGvZwXbJM@gmail.com,READ,2024-09-10 23:34:59
VjxlYjPUk@ya.ru,DELETE,2024-09-10 18:06:23
wKnGXEVUR@gmail.com,DELETE,2024-09-10 10:42:12
KsJfDxBk@ya.ru,CREATE,2024-09-10 22:47:26
oxJbolqLPcRvxz@gmail.com,UPDATE,2024-09-10 03:58:11
VjxlYjPUk@ya.ru,DELETE,2024-09-10 06:55:45
PKlsECpRWo@ya.ru,DELETE,2024-09-10 21:39:09
kumBbQtLjxfRdK@ya.ru,CREATE,2024-09-10 17:47:00
ZiUXAoQnUjKC@gmail.com,CREATE,2024-09-10 04:57:35
PKlsECpRWo@ya.ru,READ,2024-09-10 22:51:26
ZiUXAoQnUjKC@gmail.com,CREATE,2024-09-10 19:37:55
VjxlYjPUk@ya.ru,UPDATE,2024-09-10 07:35:29
KsJfDxBk@ya.ru,READ,2024-09-10 18:41:15
SuLJCmZTqGFz@mail.ru,READ,2024-09-10 04:02:02
ZiUXAoQnUjKC@gmail.com,CREATE,2024-09-10 17:44:46
IJGvZwXbJM@gmail.com,READ,2024-09-10 22:25:50
VjxlYjPUk@ya.ru,CREATE,2024-09-10 23:50:42
ZiUXAoQnUjKC@gmail.com,CREATE,2024-09-10 10:37:46
VjxlYjPUk@ya.ru,UPDATE,2024-09-10 13:13:01
GUbFx@mail.ru,READ,2024-09-10 10:45:51
wKnGXEVUR@gmail.com,READ,2024-09-10 21:50:13
GUbFx@mail.ru,CREATE,2024-09-10 21:11:08
wKnGXEVUR@gmail.com,DELETE,2024-09-10 13:17:42
oxJbolqLPcRvxz@gmail.com,UPDATE,2024-09-10 04:35:22
GUbFx@mail.ru,CREATE,2024-09-10 23:17:27
oxJbolqLPcRvxz@gmail.com,CREATE,2024-09-10 08:27:02
oxJbolqLPcRvxz@gmail.com,READ,2024-09-10 22:27:04
PKlsECpRWo@ya.ru,DELETE,2024-09-10 20:04:10
KsJfDxBk@ya.ru,UPDATE,2024-09-10 22:07:28
oxJbolqLPcRvxz@gmail.com,CREATE,2024-09-10 13:14:09
SuLJCmZTqGFz@mail.ru,READ,2024-09-10 07:54:31
VjxlYjPUk@ya.ru,DELETE,2024-09-10 12:52:09
KsJfDxBk@ya.ru,READ,2024-09-10 14:30:15
wKnGXEVUR@gmail.com,READ,2024-09-10 09:00:54
GUbFx@mail.ru,CREATE,2024-09-10 22:15:35
KsJfDxBk@ya.ru,UPDATE,2024-09-10 15:04:32
VjxlYjPUk@ya.ru,READ,2024-09-10 18:01:36
PKlsECpRWo@ya.ru,READ,2024-09-10 05:32:46
wKnGXEVUR@gmail.com,DELETE,2024-09-10 11:34:43
KsJfDxBk@ya.ru,DELETE,2024-09-10 22:41:23
IJGvZwXbJM@gmail.com,READ,2024-09-10 15:32:14
ZiUXAoQnUjKC@gmail.com,CREATE,2024-09-10 10:53:16
KsJfDxBk@ya.ru,CREATE,2024-09-10 09:19:10
KsJfDxBk@ya.ru,CREATE,2024-09-10 06:25:08
SuLJCmZTqGFz@mail.ru,CREATE,2024-09-10 10:29:23
wKnGXEVUR@gmail.com,DELETE,2024-09-10 13:43:23
VjxlYjPUk@ya.ru,READ,2024-09-10 05:48:50
ZiUXAoQnUjKC@gmail.com,UPDATE,2024-09-10 10:23:20
VjxlYjPUk@ya.ru,CREATE,2024-09-10 16:04:33
IJGvZwXbJM@gmail.com,CREATE,2024-09-10 19:22:00
oxJbolqLPcRvxz@gmail.com,UPDATE,2024-09-10 21:23:31
IJGvZwXbJM@gmail.com,READ,2024-09-10 08:53:40
wKnGXEVUR@gmail.com,CREATE,2024-09-10 02:53:19
wKnGXEVUR@gmail.com,READ,2024-09-10 13:33:31
SuLJCmZTqGFz@mail.ru,UPDATE,2024-09-10 13:58:48
IJGvZwXbJM@gmail.com,DELETE,2024-09-10 06:08:13
kumBbQtLjxfRdK@ya.ru,UPDATE,2024-09-10 01:45:55
oxJbolqLPcRvxz@gmail.com,UPDATE,2024-09-10 22:23:31
SuLJCmZTqGFz@mail.ru,UPDATE,2024-09-10 23:45:25
oxJbolqLPcRvxz@gmail.com,CREATE,2024-09-10 15:14:40
kumBbQtLjxfRdK@ya.ru,UPDATE,2024-09-10 03:24:56
IJGvZwXbJM@gmail.com,UPDATE,2024-09-10 21:28:41
IJGvZwXbJM@gmail.com,CREATE,2024-09-10 18:08:11
VjxlYjPUk@ya.ru,CREATE,2024-09-10 14:05:47
VjxlYjPUk@ya.ru,READ,2024-09-10 09:04:22
SuLJCmZTqGFz@mail.ru,CREATE,2024-09-10 11:33:55
VjxlYjPUk@ya.ru,READ,2024-09-10 01:36:44
wKnGXEVUR@gmail.com,UPDATE,2024-09-10 13:17:42
wKnGXEVUR@gmail.com,UPDATE,2024-09-10 06:17:43
KsJfDxBk@ya.ru,READ,2024-09-10 10:07:55
kumBbQtLjxfRdK@ya.ru,READ,2024-09-10 05:32:03
oxJbolqLPcRvxz@gmail.com,UPDATE,2024-09-10 20:01:09
SuLJCmZTqGFz@mail.ru,CREATE,2024-09-10 05:39:07
ZiUXAoQnUjKC@gmail.com,DELETE,2024-09-10 10:30:55
KsJfDxBk@ya.ru,DELETE,2024-09-10 02:33:45
SuLJCmZTqGFz@mail.ru,UPDATE,2024-09-10 00:21:05
oxJbolqLPcRvxz@gmail.com,UPDATE,2024-09-10 16:03:32
GUbFx@mail.ru,UPDATE,2024-09-10 16:13:22
GUbFx@mail.ru,READ,2024-09-10 15:21:09
GUbFx@mail.ru,DELETE,2024-09-10 18:27:32
VjxlYjPUk@ya.ru,CREATE,2024-09-10 21:30:07
oxJbolqLPcRvxz@gmail.com,READ,2024-09-10 10:11:21
oxJbolqLPcRvxz@gmail.com,CREATE,2024-09-10 12:02:35
kumBbQtLjxfRdK@ya.ru,CREATE,2024-09-10 03:49:25
oxJbolqLPcRvxz@gmail.com,UPDATE,2024-09-10 14:56:35
GUbFx@mail.ru,READ,2024-09-10 08:30:14
oxJbolqLPcRvxz@gmail.com,READ,2024-09-10 03:41:13
VjxlYjPUk@ya.ru,READ,2024-09-10 10:08:28
oxJbolqLPcRvxz@gmail.com,UPDATE,2024-09-10 10:21:19
oxJbolqLPcRvxz@gmail.com,CREATE,2024-09-10 20:25:18
KsJfDxBk@ya.ru,DELETE,2024-09-10 23:50:56
VjxlYjPUk@ya.ru,CREATE,2024-09-10 10:13:14
oxJbolqLPcRvxz@gmail.com,READ,2024-09-10 06:00:35
wKnGXEVUR@gmail.com,CREATE,2024-09-10 08:14:12
kumBbQtLjxfRdK@ya.ru,READ,2024-09-10 13:55:44
PKlsECpRWo@ya.ru,DELETE,2024-09-10 20:30:43
ZiUXAoQnUjKC@gmail.com,CREATE,2024-09-10 05:00:06
IJGvZwXbJM@gmail.com,READ,2024-09-10 19:49:59
VjxlYjPUk@ya.ru,UPDATE,2024-09-10 21:04:56
kumBbQtLjxfRdK@ya.ru,READ,2024-09-10 21:46:10
wKnGXEVUR@gmail.com,CREATE,2024-09-10 16:38:35
PKlsECpRWo@ya.ru,READ,2024-09-10 11:33:36
GUbFx@mail.ru,UPDATE,2024-09-10 13:19:02
IJGvZwXbJM@gmail.com,DELETE,2024-09-10 05:16:39
wKnGXEVUR@gmail.com,CREATE,2024-09-10 11:28:26
IJGvZwXbJM@gmail.com,UPDATE,2024-09-10 05:18:17
GUbFx@mail.ru,READ,2024-09-10 06:03:46
SuLJCmZTqGFz@mail.ru,DELETE,2024-09-10 13:03:05
IJGvZwXbJM@gmail.com,UPDATE,2024-09-10 07:32:45
PKlsECpRWo@ya.ru,CREATE,2024-09-10 21:26:19
wKnGXEVUR@gmail.com,READ,2024-09-10 00:36:31
PKlsECpRWo@ya.ru,DELETE,2024-09-10 13:26:02
GUbFx@mail.ru,UPDATE,2024-09-10 20:52:46
VjxlYjPUk@ya.ru,READ,2024-09-10 22:56:58
oxJbolqLPcRvxz@gmail.com,DELETE,2024-09-10 23:02:51
SuLJCmZTqGFz@mail.ru,READ,2024-09-10 22:24:40
oxJbolqLPcRvxz@gmail.com,CREATE,2024-09-10 14:16:27
KsJfDxBk@ya.ru,READ,2024-09-10 15:16:18
SuLJCmZTqGFz@mail.ru,UPDATE,2024-09-10 23:09:10
IJGvZwXbJM@gmail.com,UPDATE,2024-09-10 10:23:09
wKnGXEVUR@gmail.com,CREATE,2024-09-10 17:45:37
GUbFx@mail.ru,READ,2024-09-10 10:21:12
PKlsECpRWo@ya.ru,CREATE,2024-09-10 08:08:40
oxJbolqLPcRvxz@gmail.com,UPDATE,2024-09-10 10:52:00
PKlsECpRWo@ya.ru,DELETE,2024-09-10 19:25:18
PKlsECpRWo@ya.ru,READ,2024-09-10 10:09:37
SuLJCmZTqGFz@mail.ru,READ,2024-09-10 21:10:06
oxJbolqLPcRvxz@gmail.com,READ,2024-09-10 10:51:59
oxJbolqLPcRvxz@gmail.com,UPDATE,2024-09-10 15:39:35
SuLJCmZTqGFz@mail.ru,DELETE,2024-09-10 14:43:19
ZiUXAoQnUjKC@gmail.com,DELETE,2024-09-10 10:44:05
PKlsECpRWo@ya.ru,DELETE,2024-09-10 15:43:53
wKnGXEVUR@gmail.com,READ,2024-09-10 16:04:46
wKnGXEVUR@gmail.com,READ,2024-09-10 02:57:08
kumBbQtLjxfRdK@ya.ru,CREATE,2024-09-10 16:34:32
IJGvZwXbJM@gmail.com,DELETE,2024-09-10 15:44:33
wKnGXEVUR@gmail.com,CREATE,2024-09-10 08:16:02
ZiUXAoQnUjKC@gmail.com,DELETE,2024-09-10 06:37:56
kumBbQtLjxfRdK@ya.ru,UPDATE,2024-09-10 10:45:37
IJGvZwXbJM@gmail.com,UPDATE,2024-09-10 00:56:08
PKlsECpRWo@ya.ru,CREATE,2024-09-10 10:48:56
IJGvZwXbJM@gmail.com,UPDATE,2024-09-10 14:08:02
wKnGXEVUR@gmail.com,READ,2024-09-10 23:42:51
SuLJCmZTqGFz@mail.ru,CREATE,2024-09-10 06:15:50
SuLJCmZTqGFz@mail.ru,CREATE,2024-09-10 17:25:53
VjxlYjPUk@ya.ru,READ,2024-09-10 20:28:36
GUbFx@mail.ru,UPDATE,2024-09-10 19:35:33
SuLJCmZTqGFz@mail.ru,UPDATE,2024-09-10 06:30:35
IJGvZwXbJM@gmail.com,DELETE,2024-09-10 04:01:44
VjxlYjPUk@ya.ru,UPDATE,2024-09-10 06:10:30
ZiUXAoQnUjKC@gmail.com,READ,2024-09-10 08:26:27
wKnGXEVUR@gmail.com,UPDATE,2024-09-10 09:07:31
IJGvZwXbJM@gmail.com,DELETE,2024-09-10 23:46:22
kumBbQtLjxfRdK@ya.ru,CREATE,2024-09-10 13:45:39
KsJfDxBk@ya.ru,DELETE,2024-09-10 18:00:06
ZiUXAoQnUjKC@gmail.com,CREATE,2024-09-10 09:31:42
IJGvZwXbJM@gmail.com,UPDATE,2024-09-10 07:04:35
GUbFx@mail.ru,READ,2024-09-10 02:28:51
oxJbolqLPcRvxz@gmail.com,CREATE,2024-09-10 05:15:19
wKnGXEVUR@gmail.com,UPDATE,2024-09-10 09:19:02
wKnGXEVUR@gmail.com,CREATE,2024-09-10 05:20:27
IJGvZwXbJM@gmail.com,DELETE,2024-09-10 15:10:16
VjxlYjPUk@ya.ru,CREATE,2024-09-10 17:42:41
KsJfDxBk@ya.ru,DELETE,2024-09-10 16:57:57
IJGvZwXbJM@gmail.com,READ,2024-09-10 21:12:42
SuLJCmZTqGFz@mail.ru,CREATE,2024-09-10 00:43:44
SuLJCmZTqGFz@mail.ru,UPDATE,2024-09-10 19:47:44
kumBbQtLjxfRdK@ya.ru,CREATE,2024-09-10 23:59:40
IJGvZwXbJM@gmail.com,DELETE,2024-09-10 10:14:25
KsJfDxBk@ya.ru,CREATE,2024-09-10 16:30:46
IJGvZwXbJM@gmail.com,CREATE,2024-09-10 14:08:35
ZiUXAoQnUjKC@gmail.com,UPDATE,2024-09-10 00:49:26
VjxlYjPUk@ya.ru,CREATE,2024-09-10 14:25:23
IJGvZwXbJM@gmail.com,UPDATE,2024-09-10 07:57:58
oxJbolqLPcRvxz@gmail.com,CREATE,2024-09-10 23:18:06
VjxlYjPUk@ya.ru,UPDATE,2024-09-10 02:15:49
PKlsECpRWo@ya.ru,READ,2024-09-10 14:19:44
GUbFx@mail.ru,READ,2024-09-10 15:30:03
kumBbQtLjxfRdK@ya.ru,CREATE,2024-09-10 02:43:29
KsJfDxBk@ya.ru,DELETE,2024-09-10 19:09:01
SuLJCmZTqGFz@mail.ru,UPDATE,2024-09-10 00:31:19
ZiUXAoQnUjKC@gmail.com,CREATE,2024-09-10 04:52:59
IJGvZwXbJM@gmail.com,READ,2024-09-10 00:18:46
GUbFx@mail.ru,CREATE,2024-09-10 03:10:31
VjxlYjPUk@ya.ru,READ,2024-09-10 16:38:34
kumBbQtLjxfRdK@ya.ru,UPDATE,2024-09-10 13:11:40
GUbFx@mail.ru,READ,2024-09-10 08:53:48
kumBbQtLjxfRdK@ya.ru,CREATE,2024-09-10 18:49:39
VjxlYjPUk@ya.ru,DELETE,2024-09-10 13:16:49
oxJbolqLPcRvxz@gmail.com,DELETE,2024-09-10 05:03:41
wKnGXEVUR@gmail.com,UPDATE,2024-09-10 10:41:05
IJGvZwXbJM@gmail.com,DELETE,2024-09-10 03:55:03
oxJbolqLPcRvxz@gmail.com,UPDATE,2024-09-10 06:33:17
KsJfDxBk@ya.ru,UPDATE,2024-09-10 21:42:27
GUbFx@mail.ru,READ,2024-09-10 06:54:42
KsJfDxBk@ya.ru,CREATE,2024-09-10 20:41:28
oxJbolqLPcRvxz@gmail.com,UPDATE,2024-09-10 18:13:05
wKnGXEVUR@gmail.com,READ,2024-09-10 03:29:51
wKnGXEVUR@gmail.com,READ,2024-09-10 19:53:23
kumBbQtLjxfRdK@ya.ru,READ,2024-09-10 15:14:06
wKnGXEVUR@gmail.com,UPDATE,2024-09-10 11:25:23
IJGvZwXbJM@gmail.com,DELETE,2024-09-10 12:19:54
IJGvZwXbJM@gmail.com,READ,2024-09-10 23:45:52
IJGvZwXbJM@gmail.com,UPDATE,2024-09-10 16:17:36
wKnGXEVUR@gmail.com,READ,2024-09-10 11:55:08
GUbFx@mail.ru,DELETE,2024-09-10 02:03:14
GUbFx@mail.ru,READ,2024-09-10 12:25:00
KsJfDxBk@ya.ru,READ,2024-09-10 04:29:52
PKlsECpRWo@ya.ru,UPDATE,2024-09-10 19:29:02
VjxlYjPUk@ya.ru,READ,2024-09-10 10:30:46
PKlsECpRWo@ya.ru,UPDATE,2024-09-10 20:33:47
wKnGXEVUR@gmail.com,READ,2024-09-10 22:40:50
KsJfDxBk@ya.ru,CREATE,2024-09-10 13:50:42
PKlsECpRWo@ya.ru,DELETE,2024-09-10 01:06:29
wKnGXEVUR@gmail.com,DELETE,2024-09-10 13:18:13
kumBbQtLjxfRdK@ya.ru,UPDATE,2024-09-10 23:24:29
kumBbQtLjxfRdK@ya.ru,UPDATE,2024-09-10 11:03:28
VjxlYjPUk@ya.ru,UPDATE,2024-09-10 04:34:22
VjxlYjPUk@ya.ru,CREATE,2024-09-10 19:11:15
oxJbolqLPcRvxz@gmail.com,READ,2024-09-10 12:44:44
GUbFx@mail.ru,READ,2024-09-10 05:09:30
GUbFx@mail.ru,CREATE,2024-09-10 00:54:26
GUbFx@mail.ru,CREATE,2024-09-10 13:12:51
SuLJCmZTqGFz@mail.ru,DELETE,2024-09-10 04:21:25
SuLJCmZTqGFz@mail.ru,READ,2024-09-10 06:42:01
ZiUXAoQnUjKC@gmail.com,UPDATE,2024-09-10 19:36:46
KsJfDxBk@ya.ru,UPDATE,2024-09-10 12:08:37
IJGvZwXbJM@gmail.com,CREATE,2024-09-10 12:53:56
KsJfDxBk@ya.ru,READ,2024-09-10 07:10:17
wKnGXEVUR@gmail.com,DELETE,2024-09-10 17:28:46
VjxlYjPUk@ya.ru,DELETE,2024-09-10 02:35:05
KsJfDxBk@ya.ru,DELETE,2024-09-10 18:29:22
oxJbolqLPcRvxz@gmail.com,READ,2024-09-10 15:24:37
VjxlYjPUk@ya.ru,CREATE,2024-09-10 02:28:58
VjxlYjPUk@ya.ru,UPDATE,2024-09-10 16:14:48
GUbFx@mail.ru,CREATE,2024-09-10 05:13:35
wKnGXEVUR@gmail.com,CREATE,2024-09-10 16:19:28
wKnGXEVUR@gmail.com,DELETE,2024-09-10 16:27:28
PKlsECpRWo@ya.ru,READ,2024-09-10 01:20:28
KsJfDxBk@ya.ru,UPDATE,2024-09-10 17:33:46
VjxlYjPUk@ya.ru,CREATE,2024-09-10 12:07:17
GUbFx@mail.ru,DELETE,2024-09-10 20:16:37
IJGvZwXbJM@gmail.com,DELETE,2024-09-10 08:12:38
VjxlYjPUk@ya.ru,READ,2024-09-10 02:41:39
SuLJCmZTqGFz@mail.ru,DELETE,2024-09-10 18:39:35
GUbFx@mail.ru,READ,2024-09-10 11:41:10
VjxlYjPUk@ya.ru,DELETE,2024-09-10 14:41:16
KsJfDxBk@ya.ru,DELETE,2024-09-10 05:27:26
VjxlYjPUk@ya.ru,CREATE,2024-09-10 23:28:47
ZiUXAoQnUjKC@gmail.com,CREATE,2024-09-10 18:51:44
PKlsECpRWo@ya.ru,UPDATE,2024-09-10 06:21:22
wKnGXEVUR@gmail.com,UPDATE,2024-09-10 03:28:19
IJGvZwXbJM@gmail.com,DELETE,2024-09-10 15:50:43
oxJbolqLPcRvxz@gmail.com,UPDATE,2024-09-10 07:01:51
KsJfDxBk@ya.ru,UPDATE,2024-09-10 10:15:47
SuLJCmZTqGFz@mail.ru,CREATE,2024-09-10 06:27:06
VjxlYjPUk@ya.ru,UPDATE,2024-09-10 21:25:23
wKnGXEVUR@gmail.com,UPDATE,2024-09-10 12:56:39
VjxlYjPUk@ya.ru,UPDATE,2024-09-10 00:17:22
KsJfDxBk@ya.ru,UPDATE,2024-09-10 04:53:36
oxJbolqLPcRvxz@gmail.com,UPDATE,2024-09-10 22:31:21
GUbFx@mail.ru,READ,2024-09-10 21:49:22
GUbFx@mail.ru,UPDATE,2024-09-10 07:21:26
SuLJCmZTqGFz@mail.ru,READ,2024-09-10 22:19:22
wKnGXEVUR@gmail.com,READ,2024-09-10 03:16:10
SuLJCmZTqGFz@mail.ru,CREATE,2024-09-10 23:44:40
VjxlYjPUk@ya.ru,UPDATE,2024-09-10 19:39:09
wKnGXEVUR@gmail.com,CREATE,2024-09-10 05:15:46
PKlsECpRWo@ya.ru,READ,2024-09-10 03:19:26
IJGvZwXbJM@gmail.com,DELETE,2024-09-10 22:04:30
ZiUXAoQnUjKC@gmail.com,CREATE,2024-09-10 19:22:17
kumBbQtLjxfRdK@ya.ru,CREATE,2024-09-10 14:22:49
kumBbQtLjxfRdK@ya.ru,DELETE,2024-09-10 14:15:22
kumBbQtLjxfRdK@ya.ru,CREATE,2024-09-10 20:00:50
SuLJCmZTqGFz@mail.ru,READ,2024-09-10 01:23:21
wKnGXEVUR@gmail.com,DELETE,2024-09-10 09:42:37
kumBbQtLjxfRdK@ya.ru,UPDATE,2024-09-10 20:58:07
KsJfDxBk@ya.ru,READ,2024-09-10 07:50:41
kumBbQtLjxfRdK@ya.ru,CREATE,2024-09-10 10:17:18
ZiUXAoQnUjKC@gmail.com,UPDATE,2024-09-10 05:10:43
kumBbQtLjxfRdK@ya.ru,CREATE,2024-09-10 04:16:23
KsJfDxBk@ya.ru,UPDATE,2024-09-10 11:10:47
IJGvZwXbJM@gmail.com,DELETE,2024-09-10 07:10:02
PKlsECpRWo@ya.ru,CREATE,2024-09-10 01:48:00
ZiUXAoQnUjKC@gmail.com,DELETE,2024-09-10 22:48:37
PKlsECpRWo@ya.ru,UPDATE,2024-09-10 01:50:51
PKlsECpRWo@ya.ru,READ,2024-09-10 04:12:31
IJGvZwXbJM@gmail.com,CREATE,2024-09-10 00:35:52
kumBbQtLjxfRdK@ya.ru,CREATE,2024-09-10 15:39:31
oxJbolqLPcRvxz@gmail.com,UPDATE,2024-09-10 12:29:35
KsJfDxBk@ya.ru,READ,2024-09-10 13:33:15
ZiUXAoQnUjKC@gmail.com,DELETE,2024-09-10 01:36:39
KsJfDxBk@ya.ru,UPDATE,2024-09-10 12:09:53
kumBbQtLjxfRdK@ya.ru,CREATE,2024-09-10 09:07:04
PKlsECpRWo@ya.ru,CREATE,2024-09-10 09:55:57
kumBbQtLjxfRdK@ya.ru,CREATE,2024-09-10 07:42:23
ZiUXAoQnUjKC@gmail.com,CREATE,2024-09-10 16:52:16
KsJfDxBk@ya.ru,CREATE,2024-09-10 06:22:57
IJGvZwXbJM@gmail.com,CREATE,2024-09-10 19:41:10
oxJbolqLPcRvxz@gmail.com,CREATE,2024-09-10 17:36:44
ZiUXAoQnUjKC@gmail.com,UPDATE,2024-09-10 14:45:18
SuLJCmZTqGFz@mail.ru,CREATE,2024-09-10 06:53:29
SuLJCmZTqGFz@mail.ru,READ,2024-09-10 03:40:30
wKnGXEVUR@gmail.com,READ,2024-09-10 18:59:02
oxJbolqLPcRvxz@gmail.com,READ,2024-09-10 12:41:50
IJGvZwXbJM@gmail.com,CREATE,2024-09-10 07:37:14
PKlsECpRWo@ya.ru,READ,2024-09-10 18:15:14
VjxlYjPUk@ya.ru,DELETE,2024-09-10 20:50:52
ZiUXAoQnUjKC@gmail.com,CREATE,2024-09-10 01:20:14
SuLJCmZTqGFz@mail.ru,DELETE,2024-09-10 02:17:39
SuLJCmZTqGFz@mail.ru,READ,2024-09-10 03:51:57
IJGvZwXbJM@gmail.com,READ,2024-09-10 00:36:08
oxJbolqLPcRvxz@gmail.com,READ,2024-09-10 02:40:11
kumBbQtLjxfRdK@ya.ru,READ,2024-09-10 10:38:06
SuLJCmZTqGFz@mail.ru,DELETE,2024-09-10 06:19:32
oxJbolqLPcRvxz@gmail.com,READ,2024-09-10 11:29:41
PKlsECpRWo@ya.ru,UPDATE,2024-09-10 11:17:09
PKlsECpRWo@ya.ru,DELETE,2024-09-10 23:53:03
ZiUXAoQnUjKC@gmail.com,READ,2024-09-10 20:33:01
KsJfDxBk@ya.ru,UPDATE,2024-09-10 20:55:59
wKnGXEVUR@gmail.com,DELETE,2024-09-10 09:44:32
oxJbolqLPcRvxz@gmail.com,UPDATE,2024-09-10 03:50:26
GUbFx@mail.ru,DELETE,2024-09-10 13:29:32
oxJbolqLPcRvxz@gmail.com,CREATE,2024-09-10 01:15:01
wKnGXEVUR@gmail.com,DELETE,2024-09-10 09:43:52
PKlsECpRWo@ya.ru,DELETE,2024-09-10 18:16:20
VjxlYjPUk@ya.ru,READ,2024-09-10 20:00:50
KsJfDxBk@ya.ru,READ,2024-09-10 04:01:31
wKnGXEVUR@gmail.com,CREATE,2024-09-10 07:05:28
kumBbQtLjxfRdK@ya.ru,UPDATE,2024-09-10 05:55:20
VjxlYjPUk@ya.ru,UPDATE,2024-09-10 07:59:07
SuLJCmZTqGFz@mail.ru,CREATE,2024-09-10 18:44:31
PKlsECpRWo@ya.ru,DELETE,2024-09-10 02:53:44
VjxlYjPUk@ya.ru,READ,2024-09-10 09:26:02
VjxlYjPUk@ya.ru,DELETE,2024-09-10 19:15:33
KsJfDxBk@ya.ru,READ,2024-09-10 22:29:20
SuLJCmZTqGFz@mail.ru,READ,2024-09-10 01:24:53
GUbFx@mail.ru,CREATE,2024-09-10 12:21:35
wKnGXEVUR@gmail.com,UPDATE,2024-09-10 12:31:22
VjxlYjPUk@ya.ru,DELETE,2024-09-10 00:47:48
GUbFx@mail.ru,UPDATE,2024-09-10 13:57:34
wKnGXEVUR@gmail.com,UPDATE,2024-09-10 03:30:01
SuLJCmZTqGFz@mail.ru,CREATE,2024-09-10 14:08:19
oxJbolqLPcRvxz@gmail.com,CREATE,2024-09-10 10:22:29
KsJfDxBk@ya.ru,DELETE,2024-09-10 01:29:53
VjxlYjPUk@ya.ru,UPDATE,2024-09-10 19:00:20
PKlsECpRWo@ya.ru,CREATE,2024-09-10 22:57:33
wKnGXEVUR@gmail.com,DELETE,2024-09-10 14:30:14
GUbFx@mail.ru,READ,2024-09-10 02:35:02
IJGvZwXbJM@gmail.com,DELETE,2024-09-10 04:01:30
IJGvZwXbJM@gmail.com,READ,2024-09-10 09:45:53
oxJbolqLPcRvxz@gmail.com,READ,2024-09-10 01:06:55
SuLJCmZTqGFz@mail.ru,CREATE,2024-09-10 03:46:47
SuLJCmZTqGFz@mail.ru,CREATE,2024-09-10 02:54:00
oxJbolqLPcRvxz@gmail.com,CREATE,2024-09-10 18:27:45
VjxlYjPUk@ya.ru,CREATE,2024-09-10 22:06:41
oxJbolqLPcRvxz@gmail.com,READ,2024-09-10 14:33:32
oxJbolqLPcRvxz@gmail.com,UPDATE,2024-09-10 05:40:42
PKlsECpRWo@ya.ru,CREATE,2024-09-10 03:55:55
kumBbQtLjxfRdK@ya.ru,UPDATE,2024-09-10 10:47:53
IJGvZwXbJM@gmail.com,UPDATE,2024-09-10 23:50:12
VjxlYjPUk@ya.ru,CREATE,2024-09-10 07:41:53
kumBbQtLjxfRdK@ya.ru,READ,2024-09-10 05:37:38
PKlsECpRWo@ya.ru,UPDATE,2024-09-10 00:57:14
oxJbolqLPcRvxz@gmail.com,UPDATE,2024-09-10 07:22:39
VjxlYjPUk@ya.ru,DELETE,2024-09-10 11:59:56
SuLJCmZTqGFz@mail.ru,UPDATE,2024-09-10 15:05:49
KsJfDxBk@ya.ru,CREATE,2024-09-10 12:54:17
wKnGXEVUR@gmail.com,READ,2024-09-10 05:36:51
VjxlYjPUk@ya.ru,DELETE,2024-09-10 08:09:23
oxJbolqLPcRvxz@gmail.com,UPDATE,2024-09-10 00:48:52
SuLJCmZTqGFz@mail.ru,DELETE,2024-09-10 12:17:10
KsJfDxBk@ya.ru,DELETE,2024-09-10 13:07:33
oxJbolqLPcRvxz@gmail.com,UPDATE,2024-09-10 16:19:01
wKnGXEVUR@gmail.com,READ,2024-09-10 04:52:13
GUbFx@mail.ru,DELETE,2024-09-10 19:40:20
PKlsECpRWo@ya.ru,READ,2024-09-10 23:03:50
PKlsECpRWo@ya.ru,DELETE,2024-09-10 12:24:37
IJGvZwXbJM@gmail.com,READ,2024-09-10 11:58:44
IJGvZwXbJM@gmail.com,READ,2024-09-10 00:41:20
ZiUXAoQnUjKC@gmail.com,READ,2024-09-10 06:45:59
SuLJCmZTqGFz@mail.ru,DELETE,2024-09-10 21:03:04
kumBbQtLjxfRdK@ya.ru,UPDATE,2024-09-10 23:27:13
PKlsECpRWo@ya.ru,READ,2024-09-10 13:22:01
IJGvZwXbJM@gmail.com,UPDATE,2024-09-10 21:37:02
oxJbolqLPcRvxz@gmail.com,READ,2024-09-10 11:37:10
kumBbQtLjxfRdK@ya.ru,DELETE,2024-09-10 17:00:51
KsJfDxBk@ya.ru,CREATE,2024-09-10 22:23:52
kumBbQtLjxfRdK@ya.ru,UPDATE,2024-09-10 20:08:37
wKnGXEVUR@gmail.com,UPDATE,2024-09-10 00:49:01
kumBbQtLjxfRdK@ya.ru,DELETE,2024-09-10 05:36:57
GUbFx@mail.ru,CREATE,2024-09-10 03:29:59
kumBbQtLjxfRdK@ya.ru,DELETE,2024-09-10 16:48:02
kumBbQtLjxfRdK@ya.ru,READ,2024-09-10 13:45:03
PKlsECpRWo@ya.ru,READ,2024-09-10 02:17:29
oxJbolqLPcRvxz@gmail.com,UPDATE,2024-09-10 09:10:50
kumBbQtLjxfRdK@ya.ru,UPDATE,2024-09-10 03:21:42
SuLJCmZTqGFz@mail.ru,READ,2024-09-10 09:50:56
VjxlYjPUk@ya.ru,READ,2024-09-10 19:46:17
ZiUXAoQnUjKC@gmail.com,READ,2024-09-10 21:09:10
GUbFx@mail.ru,UPDATE,2024-09-10 13:59:23
VjxlYjPUk@ya.ru,CREATE,2024-09-10 19:57:31
kumBbQtLjxfRdK@ya.ru,READ,2024-09-10 22:45:42
VjxlYjPUk@ya.ru,DELETE,2024-09-10 03:44:56
oxJbolqLPcRvxz@gmail.com,CREATE,2024-09-10 14:27:50
oxJbolqLPcRvxz@gmail.com,UPDATE,2024-09-10 00:57:58
ZiUXAoQnUjKC@gmail.com,DELETE,2024-09-10 14:14:22
KsJfDxBk@ya.ru,UPDATE,2024-09-10 04:56:25
IJGvZwXbJM@gmail.com,READ,2024-09-10 07:28:26
kumBbQtLjxfRdK@ya.ru,DELETE,2024-09-10 11:50:57
GUbFx@mail.ru,DELETE,2024-09-10 19:44:59
kumBbQtLjxfRdK@ya.ru,UPDATE,2024-09-10 09:18:42
VjxlYjPUk@ya.ru,READ,2024-09-10 07:02:33
ZiUXAoQnUjKC@gmail.com,READ,2024-09-10 07:22:27
SuLJCmZTqGFz@mail.ru,CREATE,2024-09-10 08:49:12
ZiUXAoQnUjKC@gmail.com,READ,2024-09-10 08:24:50
kumBbQtLjxfRdK@ya.ru,DELETE,2024-09-10 23:42:55
oxJbolqLPcRvxz@gmail.com,UPDATE,2024-09-10 02:50:24
GUbFx@mail.ru,UPDATE,2024-09-10 22:56:35
VjxlYjPUk@ya.ru,UPDATE,2024-09-10 12:37:23
GUbFx@mail.ru,READ,2024-09-10 14:01:41
kumBbQtLjxfRdK@ya.ru,UPDATE,2024-09-10 03:29:13
PKlsECpRWo@ya.ru,CREATE,2024-09-10 18:13:25
wKnGXEVUR@gmail.com,READ,2024-09-10 10:37:35
ZiUXAoQnUjKC@gmail.com,READ,2024-09-10 07:31:27
wKnGXEVUR@gmail.com,UPDATE,2024-09-10 05:58:42
VjxlYjPUk@ya.ru,UPDATE,2024-09-10 19:06:13
IJGvZwXbJM@gmail.com,DELETE,2024-09-10 11:51:13
GUbFx@mail.ru,UPDATE,2024-09-10 07:21:54
SuLJCmZTqGFz@mail.ru,DELETE,2024-09-10 23:02:16
KsJfDxBk@ya.ru,CREATE,2024-09-10 06:07:12
oxJbolqLPcRvxz@gmail.com,UPDATE,2024-09-10 11:56:39
ZiUXAoQnUjKC@gmail.com,UPDATE,2024-09-10 21:39:42
SuLJCmZTqGFz@mail.ru,DELETE,2024-09-10 21:24:37
GUbFx@mail.ru,READ,2024-09-10 08:21:27
KsJfDxBk@ya.ru,DELETE,2024-09-10 17:21:23
oxJbolqLPcRvxz@gmail.com,UPDATE,2024-09-10 09:57:28
IJGvZwXbJM@gmail.com,READ,2024-09-10 07:30:18
KsJfDxBk@ya.ru,DELETE,2024-09-10 20:11:04
GUbFx@mail.ru,CREATE,2024-09-10 23:43:53
ZiUXAoQnUjKC@gmail.com,DELETE,2024-09-10 23:31:00
GUbFx@mail.ru,UPDATE,2024-09-10 22:58:43
SuLJCmZTqGFz@mail.ru,DELETE,2024-09-10 21:00:41
KsJfDxBk@ya.ru,CREATE,2024-09-10 10:40:48
oxJbolqLPcRvxz@gmail.com,DELETE,2024-09-10 12:44:14
IJGvZwXbJM@gmail.com,READ,2024-09-10 01:01:34
IJGvZwXbJM@gmail.com,UPDATE,2024-09-10 12:54:07
IJGvZwXbJM@gmail.com,DELETE,2024-09-10 23:33:09
SuLJCmZTqGFz@mail.ru,UPDATE,2024-09-10 06:31:37
wKnGXEVUR@gmail.com,READ,2024-09-10 15:22:44
GUbFx@mail.ru,READ,2024-09-10 16:56:54
wKnGXEVUR@gmail.com,UPDATE,2024-09-10 18:21:28
SuLJCmZTqGFz@mail.ru,DELETE,2024-09-10 08:29:57
KsJfDxBk@ya.ru,DELETE,2024-09-10 08:49:29
kumBbQtLjxfRdK@ya.ru,DELETE,2024-09-10 12:24:12
PKlsECpRWo@ya.ru,CREATE,2024-09-10 17:30:48
wKnGXEVUR@gmail.com,DELETE,2024-09-10 17:48:06
wKnGXEVUR@gmail.com,UPDATE,2024-09-10 17:52:51
wKnGXEVUR@gmail.com,DELETE,2024-09-10 01:04:00
IJGvZwXbJM@gmail.com,UPDATE,2024-09-10 10:31:47
kumBbQtLjxfRdK@ya.ru,DELETE,2024-09-10 22:53:04
GUbFx@mail.ru,READ,2024-09-10 23:21:30
KsJfDxBk@ya.ru,DELETE,2024-09-10 19:45:14
SuLJCmZTqGFz@mail.ru,UPDATE,2024-09-10 12:48:40
oxJbolqLPcRvxz@gmail.com,DELETE,2024-09-10 05:18:26
wKnGXEVUR@gmail.com,READ,2024-09-10 04:40:29
SuLJCmZTqGFz@mail.ru,UPDATE,2024-09-10 13:53:34
oxJbolqLPcRvxz@gmail.com,CREATE,2024-09-10 00:21:07
SuLJCmZTqGFz@mail.ru,READ,2024-09-10 05:10:03
VjxlYjPUk@ya.ru,CREATE,2024-09-10 11:03:08
SuLJCmZTqGFz@mail.ru,UPDATE,2024-09-10 11:54:00
PKlsECpRWo@ya.ru,UPDATE,2024-09-10 18:48:05
IJGvZwXbJM@gmail.com,UPDATE,2024-09-10 14:25:17
wKnGXEVUR@gmail.com,CREATE,2024-09-10 08:27:51
VjxlYjPUk@ya.ru,CREATE,2024-09-10 10:29:16
SuLJCmZTqGFz@mail.ru,CREATE,2024-09-10 10:50:35
GUbFx@mail.ru,READ,2024-09-10 19:44:12
wKnGXEVUR@gmail.com,DELETE,2024-09-10 06:23:51
SuLJCmZTqGFz@mail.ru,DELETE,2024-09-10 10:15:02
IJGvZwXbJM@gmail.com,READ,2024-09-10 02:47:00
GUbFx@mail.ru,DELETE,2024-09-10 16:43:54
VjxlYjPUk@ya.ru,READ,2024-09-10 08:11:07
GUbFx@mail.ru,READ,2024-09-10 18:08:49
SuLJCmZTqGFz@mail.ru,UPDATE,2024-09-10 22:10:18
PKlsECpRWo@ya.ru,READ,2024-09-10 08:44:44
kumBbQtLjxfRdK@ya.ru,READ,2024-09-10 04:28:18
kumBbQtLjxfRdK@ya.ru,DELETE,2024-09-10 19:53:48
KsJfDxBk@ya.ru,UPDATE,2024-09-10 15:36:52
wKnGXEVUR@gmail.com,UPDATE,2024-09-10 19:37:36
SuLJCmZTqGFz@mail.ru,UPDATE,2024-09-10 22:04:49
ZiUXAoQnUjKC@gmail.com,CREATE,2024-09-10 06:21:58
wKnGXEVUR@gmail.com,DELETE,2024-09-10 02:47:46
PKlsECpRWo@ya.ru,DELETE,2024-09-10 05:32:44
VjxlYjPUk@ya.ru,READ,2024-09-10 15:30:18
SuLJCmZTqGFz@mail.ru,READ,2024-09-10 01:32:36
GUbFx@mail.ru,DELETE,2024-09-10 18:06:21
IJGvZwXbJM@gmail.com,DELETE,2024-09-10 19:41:59
SuLJCmZTqGFz@mail.ru,UPDATE,2024-09-10 21:24:30
kumBbQtLjxfRdK@ya.ru,READ,2024-09-10 18:31:42
KsJfDxBk@ya.ru,CREATE,2024-09-10 17:44:01
KsJfDxBk@ya.ru,DELETE,2024-09-10 00:43:15
GUbFx@mail.ru,READ,2024-09-10 15:44:20
SuLJCmZTqGFz@mail.ru,DELETE,2024-09-10 12:50:18
wKnGXEVUR@gmail.com,READ,2024-09-10 20:08:11
ZiUXAoQnUjKC@gmail.com,CREATE,2024-09-10 18:25:19
GUbFx@mail.ru,READ,2024-09-10 14:20:30
VjxlYjPUk@ya.ru,DELETE,2024-09-10 21:57:25
wKnGXEVUR@gmail.com,READ,2024-09-10 06:51:08
wKnGXEVUR@gmail.com,CREATE,2024-09-10 17:59:58
SuLJCmZTqGFz@mail.ru,DELETE,2024-09-10 14:54:10
IJGvZwXbJM@gmail.com,CREATE,2024-09-10 12:15:56
VjxlYjPUk@ya.ru,READ,2024-09-10 09:11:17
IJGvZwXbJM@gmail.com,DELETE,2024-09-10 12:30:11
PKlsECpRWo@ya.ru,DELETE,2024-09-10 04:45:01
KsJfDxBk@ya.ru,CREATE,2024-09-10 00:50:24
IJGvZwXbJM@gmail.com,DELETE,2024-09-10 07:42:50
KsJfDxBk@ya.ru,CREATE,2024-09-10 02:42:42
VjxlYjPUk@ya.ru,READ,2024-09-10 09:02:09
oxJbolqLPcRvxz@gmail.com,CREATE,2024-09-10 13:14:16
ZiUXAoQnUjKC@gmail.com,CREATE,2024-09-10 04:35:49
GUbFx@mail.ru,UPDATE,2024-09-10 07:42:15
IJGvZwXbJM@gmail.com,UPDATE,2024-09-10 23:44:48
PKlsECpRWo@ya.ru,READ,2024-09-10 07:40:09
ZiUXAoQnUjKC@gmail.com,CREATE,2024-09-10 06:03:56
oxJbolqLPcRvxz@gmail.com,CREATE,2024-09-10 17:35:03
GUbFx@mail.ru,READ,2024-09-10 20:29:48
wKnGXEVUR@gmail.com,READ,2024-09-10 20:39:27
KsJfDxBk@ya.ru,CREATE,2024-09-10 05:56:01
oxJbolqLPcRvxz@gmail.com,CREATE,2024-09-10 10:57:04
GUbFx@mail.ru,UPDATE,2024-09-10 23:35:49
kumBbQtLjxfRdK@ya.ru,CREATE,2024-09-10 15:26:10
VjxlYjPUk@ya.ru,READ,2024-09-10 21:22:21
wKnGXEVUR@gmail.com,DELETE,2024-09-10 17:47:27
kumBbQtLjxfRdK@ya.ru,READ,2024-09-10 05:47:51
SuLJCmZTqGFz@mail.ru,READ,2024-09-10 13:43:07
VjxlYjPUk@ya.ru,UPDATE,2024-09-10 16:01:04
oxJbolqLPcRvxz@gmail.com,READ,2024-09-10 20:08:22
wKnGXEVUR@gmail.com,READ,2024-09-10 20:20:48
KsJfDxBk@ya.ru,UPDATE,2024-09-10 11:51:53
SuLJCmZTqGFz@mail.ru,CREATE,2024-09-10 14:55:03
PKlsECpRWo@ya.ru,DELETE,2024-09-10 09:27:29
IJGvZwXbJM@gmail.com,DELETE,2024-09-10 18:48:01
oxJbolqLPcRvxz@gmail.com,DELETE,2024-09-10 18:37:58
oxJbolqLPcRvxz@gmail.com,CREATE,2024-09-10 03:34:13
VjxlYjPUk@ya.ru,READ,2024-09-10 14:24:14
PKlsECpRWo@ya.ru,DELETE,2024-09-10 19:06:08
GUbFx@mail.ru,DELETE,2024-09-10 03:34:07
PKlsECpRWo@ya.ru,UPDATE,2024-09-10 20:31:09
IJGvZwXbJM@gmail.com,READ,2024-09-10 16:51:41
ZiUXAoQnUjKC@gmail.com,READ,2024-09-10 00:36:05
ZiUXAoQnUjKC@gmail.com,READ,2024-09-10 07:27:21
PKlsECpRWo@ya.ru,READ,2024-09-10 10:18:02
SuLJCmZTqGFz@mail.ru,DELETE,2024-09-10 03:50:48
PKlsECpRWo@ya.ru,UPDATE,2024-09-10 04:49:41
wKnGXEVUR@gmail.com,READ,2024-09-10 19:28:03
GUbFx@mail.ru,CREATE,2024-09-10 03:47:33
VjxlYjPUk@ya.ru,CREATE,2024-09-10 01:09:23
PKlsECpRWo@ya.ru,DELETE,2024-09-10 17:13:26
oxJbolqLPcRvxz@gmail.com,DELETE,2024-09-10 07:08:43
IJGvZwXbJM@gmail.com,READ,2024-09-10 23:48:22
VjxlYjPUk@ya.ru,UPDATE,2024-09-10 01:18:41
GUbFx@mail.ru,READ,2024-09-10 22:04:41
VjxlYjPUk@ya.ru,DELETE,2024-09-10 11:23:51
PKlsECpRWo@ya.ru,DELETE,2024-09-10 14:44:38
ZiUXAoQnUjKC@gmail.com,DELETE,2024-09-10 18:38:59
KsJfDxBk@ya.ru,DELETE,2024-09-10 14:36:36
IJGvZwXbJM@gmail.com,DELETE,2024-09-10 05:20:23
PKlsECpRWo@ya.ru,UPDATE,2024-09-10 04:09:36
SuLJCmZTqGFz@mail.ru,DELETE,2024-09-10 11:53:13
SuLJCmZTqGFz@mail.ru,UPDATE,2024-09-10 22:32:20
GUbFx@mail.ru,UPDATE,2024-09-10 14:09:57
KsJfDxBk@ya.ru,DELETE,2024-09-10 01:38:37
VjxlYjPUk@ya.ru,READ,2024-09-10 16:02:49
PKlsECpRWo@ya.ru,DELETE,2024-09-10 18:17:28
SuLJCmZTqGFz@mail.ru,CREATE,2024-09-10 09:09:04
KsJfDxBk@ya.ru,READ,2024-09-10 18:52:18
IJGvZwXbJM@gmail.com,UPDATE,2024-09-10 21:40:38
GUbFx@mail.ru,READ,2024-09-10 14:15:12
wKnGXEVUR@gmail.com,UPDATE,2024-09-10 03:26:17
GUbFx@mail.ru,UPDATE,2024-09-10 09:06:10
KsJfDxBk@ya.ru,DELETE,2024-09-10 13:25:59
SuLJCmZTqGFz@mail.ru,DELETE,2024-09-10 02:17:20
oxJbolqLPcRvxz@gmail.com,READ,2024-09-10 02:42:16
wKnGXEVUR@gmail.com,READ,2024-09-10 13:46:18
ZiUXAoQnUjKC@gmail.com,DELETE,2024-09-10 00:21:22
KsJfDxBk@ya.ru,CREATE,2024-09-10 23:01:30
oxJbolqLPcRvxz@gmail.com,DELETE,2024-09-10 04:34:02
IJGvZwXbJM@gmail.com,READ,2024-09-10 01:57:24
ZiUXAoQnUjKC@gmail.com,UPDATE,2024-09-10 14:46:57
SuLJCmZTqGFz@mail.ru,CREATE,2024-09-10 02:00:53
SuLJCmZTqGFz@mail.ru,CREATE,2024-09-10 08:18:40
KsJfDxBk@ya.ru,READ,2024-09-10 20:54:05
PKlsECpRWo@ya.ru,READ,2024-09-10 20:52:52
IJGvZwXbJM@gmail.com,UPDATE,2024-09-10 02:01:14
SuLJCmZTqGFz@mail.ru,UPDATE,2024-09-10 11:45:40
PKlsECpRWo@ya.ru,DELETE,2024-09-10 14:56:43
KsJfDxBk@ya.ru,DELETE,2024-09-10 18:19:17
GUbFx@mail.ru,READ,2024-09-10 21:28:01
VjxlYjPUk@ya.ru,UPDATE,2024-09-10 23:46:44
kumBbQtLjxfRdK@ya.ru,CREATE,2024-09-10 10:36:30
kumBbQtLjxfRdK@ya.ru,UPDATE,2024-09-10 11:34:43
oxJbolqLPcRvxz@gmail.com,READ,2024-09-10 18:30:41
SuLJCmZTqGFz@mail.ru,CREATE,2024-09-10 14:45:47
oxJbolqLPcRvxz@gmail.com,DELETE,2024-09-10 20:48:17
wKnGXEVUR@gmail.com,UPDATE,2024-09-10 07:18:40
PKlsECpRWo@ya.ru,CREATE,2024-09-10 23:29:28
wKnGXEVUR@gmail.com,READ,2024-09-10 15:07:55
PKlsECpRWo@ya.ru,UPDATE,2024-09-10 07:27:59
ZiUXAoQnUjKC@gmail.com,READ,2024-09-10 13:33:07
ZiUXAoQnUjKC@gmail.com,CREATE,2024-09-10 18:26:09
wKnGXEVUR@gmail.com,DELETE,2024-09-10 17:53:04
oxJbolqLPcRvxz@gmail.com,CREATE,2024-09-10 04:25:29
wKnGXEVUR@gmail.com,UPDATE,2024-09-10 07:43:06
VjxlYjPUk@ya.ru,UPDATE,2024-09-10 22:46:18
KsJfDxBk@ya.ru,DELETE,2024-09-10 03:32:10
ZiUXAoQnUjKC@gmail.com,UPDATE,2024-09-10 04:24:52
ZiUXAoQnUjKC@gmail.com,CREATE,2024-09-10 08:48:28
GUbFx@mail.ru,DELETE,2024-09-10 05:38:58
ZiUXAoQnUjKC@gmail.com,UPDATE,2024-09-10 11:13:39
IJGvZwXbJM@gmail.com,UPDATE,2024-09-10 16:33:44
GUbFx@mail.ru,READ,2024-09-10 21:59:00
PKlsECpRWo@ya.ru,DELETE,2024-09-10 03:47:59
ZiUXAoQnUjKC@gmail.com,READ,2024-09-10 11:51:18
SuLJCmZTqGFz@mail.ru,UPDATE,2024-09-10 17:56:04
ZiUXAoQnUjKC@gmail.com,CREATE,2024-09-10 13:43:10
kumBbQtLjxfRdK@ya.ru,DELETE,2024-09-10 23:59:54
GUbFx@mail.ru,READ,2024-09-10 01:16:10
kumBbQtLjxfRdK@ya.ru,CREATE,2024-09-10 15:06:35
kumBbQtLjxfRdK@ya.ru,CREATE,2024-09-10 10:11:22
SuLJCmZTqGFz@mail.ru,READ,2024-09-10 05:42:17
SuLJCmZTqGFz@mail.ru,CREATE,2024-09-10 03:52:24
ZiUXAoQnUjKC@gmail.com,UPDATE,2024-09-10 17:18:55
KsJfDxBk@ya.ru,DELETE,2024-09-10 22:34:13
kumBbQtLjxfRdK@ya.ru,READ,2024-09-10 01:47:09
ZiUXAoQnUjKC@gmail.com,UPDATE,2024-09-10 07:45:57
oxJbolqLPcRvxz@gmail.com,DELETE,2024-09-10 22:53:45
GUbFx@mail.ru,UPDATE,2024-09-10 07:46:42
VjxlYjPUk@ya.ru,CREATE,2024-09-10 17:38:53
kumBbQtLjxfRdK@ya.ru,READ,2024-09-10 09:19:29
ZiUXAoQnUjKC@gmail.com,CREATE,2024-09-10 13:03:29
ZiUXAoQnUjKC@gmail.com,DELETE,2024-09-10 06:45:18
KsJfDxBk@ya.ru,READ,2024-09-10 04:42:43
wKnGXEVUR@gmail.com,DELETE,2024-09-10 03:23:12
VjxlYjPUk@ya.ru,READ,2024-09-10 20:13:11
wKnGXEVUR@gmail.com,CREATE,2024-09-10 03:18:46
GUbFx@mail.ru,READ,2024-09-10 09:10:11
KsJfDxBk@ya.ru,UPDATE,2024-09-10 10:56:30
ZiUXAoQnUjKC@gmail.com,READ,2024-09-10 12:23:56
GUbFx@mail.ru,READ,2024-09-10 03:54:54
oxJbolqLPcRvxz@gmail.com,UPDATE,2024-09-10 04:33:42
GUbFx@mail.ru,DELETE,2024-09-10 02:16:39
kumBbQtLjxfRdK@ya.ru,CREATE,2024-09-10 03:53:12
oxJbolqLPcRvxz@gmail.com,UPDATE,2024-09-10 14:56:46
VjxlYjPUk@ya.ru,DELETE,2024-09-10 11:39:07
ZiUXAoQnUjKC@gmail.com,CREATE,2024-09-10 20:10:32
IJGvZwXbJM@gmail.com,UPDATE,2024-09-10 05:57:36
VjxlYjPUk@ya.ru,CREATE,2024-09-10 04:55:39
oxJbolqLPcRvxz@gmail.com,DELETE,2024-09-10 23:14:59
ZiUXAoQnUjKC@gmail.com,UPDATE,2024-09-10 09:06:30
SuLJCmZTqGFz@mail.ru,READ,2024-09-10 20:16:14
KsJfDxBk@ya.ru,CREATE,2024-09-10 14:04:58
oxJbolqLPcRvxz@gmail.com,READ,2024-09-10 08:05:30
VjxlYjPUk@ya.ru,DELETE,2024-09-10 17:05:45
PKlsECpRWo@ya.ru,CREATE,2024-09-10 20:05:45
SuLJCmZTqGFz@mail.ru,READ,2024-09-10 20:08:09
VjxlYjPUk@ya.ru,READ,2024-09-10 09:59:11
IJGvZwXbJM@gmail.com,READ,2024-09-10 19:18:18
VjxlYjPUk@ya.ru,READ,2024-09-10 08:06:32
SuLJCmZTqGFz@mail.ru,CREATE,2024-09-10 08:18:16
IJGvZwXbJM@gmail.com,READ,2024-09-10 15:57:42
GUbFx@mail.ru,READ,2024-09-10 13:04:28
ZiUXAoQnUjKC@gmail.com,UPDATE,2024-09-10 17:17:05
ZiUXAoQnUjKC@gmail.com,DELETE,2024-09-10 20:39:19
VjxlYjPUk@ya.ru,UPDATE,2024-09-10 19:00:39
IJGvZwXbJM@gmail.com,READ,2024-09-10 12:37:24
ZiUXAoQnUjKC@gmail.com,CREATE,2024-09-10 23:07:32
GUbFx@mail.ru,DELETE,2024-09-10 03:40:38
IJGvZwXbJM@gmail.com,CREATE,2024-09-10 17:16:22
SuLJCmZTqGFz@mail.ru,READ,2024-09-10 19:48:21
VjxlYjPUk@ya.ru,READ,2024-09-10 00:16:43
GUbFx@mail.ru,CREATE,2024-09-10 03:20:31
kumBbQtLjxfRdK@ya.ru,READ,2024-09-10 03:28:25
PKlsECpRWo@ya.ru,DELETE,2024-09-10 16:04:47
KsJfDxBk@ya.ru,UPDATE,2024-09-10 08:34:11
wKnGXEVUR@gmail.com,CREATE,2024-09-10 02:11:53
SuLJCmZTqGFz@mail.ru,CREATE,2024-09-10 15:44:53
PKlsECpRWo@ya.ru,UPDATE,2024-09-10 20:11:40
IJGvZwXbJM@gmail.com,DELETE,2024-09-10 08:26:40
VjxlYjPUk@ya.ru,READ,2024-09-10 05:07:14
IJGvZwXbJM@gmail.com,READ,2024-09-10 06:05:09
KsJfDxBk@ya.ru,DELETE,2024-09-10 07:27:31
ZiUXAoQnUjKC@gmail.com,READ,2024-09-10 09:34:01
oxJbolqLPcRvxz@gmail.com,CREATE,2024-09-10 04:52:39
kumBbQtLjxfRdK@ya.ru,DELETE,2024-09-10 06:43:50
ZiUXAoQnUjKC@gmail.com,READ,2024-09-10 19:43:34
GUbFx@mail.ru,UPDATE,2024-09-10 15:08:57
VjxlYjPUk@ya.ru,CREATE,2024-09-10 15:36:19
ZiUXAoQnUjKC@gmail.com,READ,2024-09-10 15:40:50
GUbFx@mail.ru,READ,2024-09-10 16:32:49
wKnGXEVUR@gmail.com,READ,2024-09-10 16:56:33
SuLJCmZTqGFz@mail.ru,READ,2024-09-10 21:13:55
PKlsECpRWo@ya.ru,READ,2024-09-10 09:47:30
ZiUXAoQnUjKC@gmail.com,CREATE,2024-09-10 06:33:55
oxJbolqLPcRvxz@gmail.com,READ,2024-09-10 13:16:05
SuLJCmZTqGFz@mail.ru,DELETE,2024-09-10 06:11:39
oxJbolqLPcRvxz@gmail.com,UPDATE,2024-09-10 09:11:56
KsJfDxBk@ya.ru,DELETE,2024-09-10 17:30:57
KsJfDxBk@ya.ru,UPDATE,2024-09-10 21:35:51
PKlsECpRWo@ya.ru,UPDATE,2024-09-10 16:34:51
wKnGXEVUR@gmail.com,CREATE,2024-09-10 17:10:05
VjxlYjPUk@ya.ru,READ,2024-09-10 03:43:25
IJGvZwXbJM@gmail.com,CREATE,2024-09-10 08:50:05
oxJbolqLPcRvxz@gmail.com,READ,2024-09-10 07:55:50
SuLJCmZTqGFz@mail.ru,UPDATE,2024-09-10 15:24:41
oxJbolqLPcRvxz@gmail.com,UPDATE,2024-09-10 04:31:28
KsJfDxBk@ya.ru,DELETE,2024-09-10 07:03:22
wKnGXEVUR@gmail.com,CREATE,2024-09-10 15:50:53
PKlsECpRWo@ya.ru,UPDATE,2024-09-10 10:46:14
GUbFx@mail.ru,READ,2024-09-10 18:55:27
SuLJCmZTqGFz@mail.ru,UPDATE,2024-09-10 21:10:33
oxJbolqLPcRvxz@gmail.com,CREATE,2024-09-10 15:51:55
PKlsECpRWo@ya.ru,DELETE,2024-09-10 07:18:43
IJGvZwXbJM@gmail.com,DELETE,2024-09-10 16:57:52
SuLJCmZTqGFz@mail.ru,CREATE,2024-09-10 00:45:37
IJGvZwXbJM@gmail.com,DELETE,2024-09-10 16:29:11
ZiUXAoQnUjKC@gmail.com,DELETE,2024-09-10 22:10:09
wKnGXEVUR@gmail.com,UPDATE,2024-09-10 00:42:55
IJGvZwXbJM@gmail.com,DELETE,2024-09-10 00:01:30
kumBbQtLjxfRdK@ya.ru,UPDATE,2024-09-10 22:29:42
KsJfDxBk@ya.ru,READ,2024-09-10 17:21:48
kumBbQtLjxfRdK@ya.ru,CREATE,2024-09-10 00:45:33
PKlsECpRWo@ya.ru,READ,2024-09-10 16:23:59
KsJfDxBk@ya.ru,DELETE,2024-09-10 22:48:05
VjxlYjPUk@ya.ru,UPDATE,2024-09-10 17:06:39
SuLJCmZTqGFz@mail.ru,DELETE,2024-09-10 14:32:04
ZiUXAoQnUjKC@gmail.com,DELETE,2024-09-10 22:26:22
KsJfDxBk@ya.ru,CREATE,2024-09-10 12:23:27
PKlsECpRWo@ya.ru,CREATE,2024-09-10 21:16:22
SuLJCmZTqGFz@mail.ru,DELETE,2024-09-10 17:24:53
VjxlYjPUk@ya.ru,DELETE,2024-09-10 20:49:09
PKlsECpRWo@ya.ru,CREATE,2024-09-10 10:46:33
wKnGXEVUR@gmail.com,UPDATE,2024-09-10 14:09:52
SuLJCmZTqGFz@mail.ru,DELETE,2024-09-10 19:55:35
kumBbQtLjxfRdK@ya.ru,UPDATE,2024-09-10 01:01:13
KsJfDxBk@ya.ru,READ,2024-09-10 05:16:46
SuLJCmZTqGFz@mail.ru,UPDATE,2024-09-10 13:24:22
oxJbolqLPcRvxz@gmail.com,DELETE,2024-09-10 22:26:34
VjxlYjPUk@ya.ru,DELETE,2024-09-10 10:43:55
KsJfDxBk@ya.ru,UPDATE,2024-09-10 20:23:38
SuLJCmZTqGFz@mail.ru,READ,2024-09-10 16:45:42
kumBbQtLjxfRdK@ya.ru,READ,2024-09-10 19:12:58
IJGvZwXbJM@gmail.com,UPDATE,2024-09-10 05:42:41
IJGvZwXbJM@gmail.com,READ,2024-09-10 08:25:02
ZiUXAoQnUjKC@gmail.com,READ,2024-09-10 00:10:53
wKnGXEVUR@gmail.com,READ,2024-09-10 09:26:27
SuLJCmZTqGFz@mail.ru,DELETE,2024-09-10 17:26:10
oxJbolqLPcRvxz@gmail.com,DELETE,2024-09-10 17:15:40
GUbFx@mail.ru,READ,2024-09-10 07:01:09
PKlsECpRWo@ya.ru,CREATE,2024-09-10 17:54:10
KsJfDxBk@ya.ru,READ,2024-09-10 04:32:04
oxJbolqLPcRvxz@gmail.com,READ,2024-09-10 19:59:28
ZiUXAoQnUjKC@gmail.com,DELETE,2024-09-10 06:17:19
kumBbQtLjxfRdK@ya.ru,DELETE,2024-09-10 21:59:39
IJGvZwXbJM@gmail.com,CREATE,2024-09-10 06:43:47
GUbFx@mail.ru,CREATE,2024-09-10 07:49:34
GUbFx@mail.ru,READ,2024-09-10 15:32:17
VjxlYjPUk@ya.ru,CREATE,2024-09-10 15:20:38
SuLJCmZTqGFz@mail.ru,DELETE,2024-09-10 22:25:40
SuLJCmZTqGFz@mail.ru,UPDATE,2024-09-10 00:53:14
SuLJCmZTqGFz@mail.ru,DELETE,2024-09-10 02:25:18
IJGvZwXbJM@gmail.com,CREATE,2024-09-10 01:12:53
VjxlYjPUk@ya.ru,READ,2024-09-10 19:08:29
kumBbQtLjxfRdK@ya.ru,CREATE,2024-09-10 03:35:38
GUbFx@mail.ru,CREATE,2024-09-10 08:24:03
VjxlYjPUk@ya.ru,UPDATE,2024-09-10 07:31:09
ZiUXAoQnUjKC@gmail.com,UPDATE,2024-09-10 10:35:52
SuLJCmZTqGFz@mail.ru,UPDATE,2024-09-10 09:08:50
wKnGXEVUR@gmail.com,DELETE,2024-09-10 16:42:23
ZiUXAoQnUjKC@gmail.com,CREATE,2024-09-10 13:28:48
kumBbQtLjxfRdK@ya.ru,UPDATE,2024-09-10 22:46:31
oxJbolqLPcRvxz@gmail.com,READ,2024-09-10 05:00:17
oxJbolqLPcRvxz@gmail.com,DELETE,2024-09-10 08:02:11
ZiUXAoQnUjKC@gmail.com,UPDATE,2024-09-10 06:21:29
oxJbolqLPcRvxz@gmail.com,UPDATE,2024-09-10 03:21:59
GUbFx@mail.ru,READ,2024-09-10 09:52:07
PKlsECpRWo@ya.ru,READ,2024-09-10 18:13:59
PKlsECpRWo@ya.ru,CREATE,2024-09-10 21:50:20
IJGvZwXbJM@gmail.com,READ,2024-09-10 14:39:18
GUbFx@mail.ru,CREATE,2024-09-10 19:01:14
kumBbQtLjxfRdK@ya.ru,DELETE,2024-09-10 22:52:12
IJGvZwXbJM@gmail.com,DELETE,2024-09-10 16:54:33
GUbFx@mail.ru,DELETE,2024-09-10 14:50:40
PKlsECpRWo@ya.ru,UPDATE,2024-09-10 05:58:00
IJGvZwXbJM@gmail.com,READ,2024-09-10 14:58:18
ZiUXAoQnUjKC@gmail.com,CREATE,2024-09-10 10:28:07
ZiUXAoQnUjKC@gmail.com,CREATE,2024-09-10 09:22:46
IJGvZwXbJM@gmail.com,UPDATE,2024-09-10 10:00:59
oxJbolqLPcRvxz@gmail.com,CREATE,2024-09-10 23:44:57
ZiUXAoQnUjKC@gmail.com,CREATE,2024-09-10 11:30:41
ZiUXAoQnUjKC@gmail.com,READ,2024-09-10 09:57:18
SuLJCmZTqGFz@mail.ru,READ,2024-09-10 00:39:03
GUbFx@mail.ru,UPDATE,2024-09-10 07:56:20
IJGvZwXbJM@gmail.com,DELETE,2024-09-10 07:29:21
kumBbQtLjxfRdK@ya.ru,CREATE,2024-09-10 04:00:50
oxJbolqLPcRvxz@gmail.com,DELETE,2024-09-10 19:21:37
GUbFx@mail.ru,DELETE,2024-09-10 13:51:03
kumBbQtLjxfRdK@ya.ru,UPDATE,2024-09-10 09:20:28
ZiUXAoQnUjKC@gmail.com,READ,2024-09-10 09:22:17
PKlsECpRWo@ya.ru,READ,2024-09-10 05:36:44
oxJbolqLPcRvxz@gmail.com,UPDATE,2024-09-10 08:20:01
kumBbQtLjxfRdK@ya.ru,READ,2024-09-10 21:02:04
KsJfDxBk@ya.ru,CREATE,2024-09-10 19:38:30
oxJbolqLPcRvxz@gmail.com,DELETE,2024-09-10 18:25:29
wKnGXEVUR@gmail.com,READ,2024-09-10 21:32:26
kumBbQtLjxfRdK@ya.ru,READ,2024-09-10 09:27:12
GUbFx@mail.ru,DELETE,2024-09-10 02:03:47
GUbFx@mail.ru,READ,2024-09-10 05:45:00
KsJfDxBk@ya.ru,CREATE,2024-09-10 06:08:23
VjxlYjPUk@ya.ru,CREATE,2024-09-10 09:02:01
oxJbolqLPcRvxz@gmail.com,CREATE,2024-09-10 04:39:59
PKlsECpRWo@ya.ru,UPDATE,2024-09-10 06:57:48
oxJbolqLPcRvxz@gmail.com,CREATE,2024-09-10 12:50:36
wKnGXEVUR@gmail.com,READ,2024-09-10 08:45:26
GUbFx@mail.ru,READ,2024-09-10 22:00:14
wKnGXEVUR@gmail.com,CREATE,2024-09-10 12:13:20
VjxlYjPUk@ya.ru,UPDATE,2024-09-10 09:31:25
PKlsECpRWo@ya.ru,DELETE,2024-09-10 13:09:38
KsJfDxBk@ya.ru,UPDATE,2024-09-10 09:56:12
IJGvZwXbJM@gmail.com,DELETE,2024-09-10 10:39:24
kumBbQtLjxfRdK@ya.ru,CREATE,2024-09-10 11:13:50
PKlsECpRWo@ya.ru,READ,2024-09-10 11:31:09
oxJbolqLPcRvxz@gmail.com,DELETE,2024-09-10 14:24:07
wKnGXEVUR@gmail.com,DELETE,2024-09-10 23:55:30
GUbFx@mail.ru,CREATE,2024-09-10 01:56:14
SuLJCmZTqGFz@mail.ru,CREATE,2024-09-10 00:41:58
PKlsECpRWo@ya.ru,DELETE,2024-09-10 08:39:41
kumBbQtLjxfRdK@ya.ru,CREATE,2024-09-10 23:43:26
IJGvZwXbJM@gmail.com,DELETE,2024-09-10 01:30:03
PKlsECpRWo@ya.ru,READ,2024-09-10 16:20:09
SuLJCmZTqGFz@mail.ru,DELETE,2024-09-10 10:01:05
ZiUXAoQnUjKC@gmail.com,CREATE,2024-09-10 08:11:24
PKlsECpRWo@ya.ru,DELETE,2024-09-10 14:49:34
KsJfDxBk@ya.ru,CREATE,2024-09-10 17:17:39
SuLJCmZTqGFz@mail.ru,UPDATE,2024-09-10 11:03:57
wKnGXEVUR@gmail.com,CREATE,2024-09-10 22:34:34
kumBbQtLjxfRdK@ya.ru,DELETE,2024-09-10 07:47:33
wKnGXEVUR@gmail.com,UPDATE,2024-09-10 17:09:02
ZiUXAoQnUjKC@gmail.com,CREATE,2024-09-10 16:36:30
wKnGXEVUR@gmail.com,UPDATE,2024-09-10 17:19:04
kumBbQtLjxfRdK@ya.ru,READ,2024-09-10 17:43:38
GUbFx@mail.ru,UPDATE,2024-09-10 10:48:42
PKlsECpRWo@ya.ru,CREATE,2024-09-10 08:37:41
SuLJCmZTqGFz@mail.ru,READ,2024-09-10 19:39:12
IJGvZwXbJM@gmail.com,UPDATE,2024-09-10 07:01:17